subj,side,cond,bout,MDF,MNF,peakF,totpow,p_20_60,p_60_150,p_150_250,p_250_450,n_cycles,chew_rate,cv_ipi,med_dur,med_amp,med_area,duty,rms_amp
S3,L,ANE,1,87.0,109.86635495573624,35.0,1.3270313517351533e-09,4.288889254145831e-10,5.505813239575089e-10,2.4212208092967336e-10,8.791374906630178e-11,93,1.5272184936614466,0.27998377718552864,0.4482421875,4.4426686250027234e-05,1.2596218396253782e-05,0.73232421875,3.618947598092014e-05
S3,L,ANE,2,101.0,117.47057314693492,39.0,2.2518791641631126e-09,6.1898660818881e-10,9.396600129228794e-10,5.241743901935624e-10,1.4107087229641422e-10,85,1.4291695743196091,0.20771374797560146,0.44921875,4.631019514494031e-05,1.6913151279985337e-05,0.6724934895833333,4.744103154218915e-05
S3,L,ANE,3,107.0,121.20559731264976,35.0,2.2094702889869003e-09,5.771142130356126e-10,9.02615120793888e-10,5.602636541137677e-10,1.448186469661977e-10,92,1.5036710719530102,0.22490692880699886,0.443359375,4.607609183549861e-05,1.573751645368957e-05,0.7241536458333333,4.6880968546155535e-05
S3,L,ANE,4,108.0,120.78980957839828,37.0,2.2287254042148606e-09,5.635550824259261e-10,9.47225121209215e-10,5.482080007364487e-10,1.43159384297249e-10,91,1.4938001458789205,0.21761648213963114,0.486328125,5.00851868981093e-05,1.7218335813315767e-05,0.7466471354166667,4.727686348204906e-05
S3,L,PLA,1,115.0,125.89670572768152,34.0,1.820671358904529e-09,4.16930184444605e-10,7.615919217716393e-10,4.961618169172946e-10,1.2595586368272967e-10,88,1.517037037037037,0.2081846734368636,0.42578125,3.801850686803932e-05,1.3780398869699965e-05,0.691357421875,4.234093492812267e-05
S3,L,PLA,2,111.0,123.14734538166609,41.0,2.121757127984043e-09,5.400795145674746e-10,8.783756745101967e-10,5.331356531070687e-10,1.469266906405809e-10,94,1.5456603773584905,0.23693866231993926,0.4287109375,5.0799509788815944e-05,1.5096025988325955e-05,0.6957356770833333,4.578850600105173e-05
S3,L,PLA,3,106.0,120.94086034228026,31.0,1.420607625183236e-09,3.6044100417934634e-10,5.928396062781097e-10,3.587831662724343e-10,9.189908869874278e-11,92,1.5538694992412747,0.2674827214951232,0.44140625,4.133834339862503e-05,1.2367281362842776e-05,0.7259114583333334,3.721369950280237e-05
S3,L,PLA,4,107.0,121.31478796421626,40.0,1.7809762454328069e-09,4.5476146619820033e-10,7.545984434191156e-10,4.285735978903898e-10,1.2342821924867016e-10,95,1.615141955835962,0.2325082468258262,0.42724609375,3.631402504061816e-05,1.23960323562279e-05,0.7302083333333333,4.2109883704108363e-05
S9,R,ANE,1,99.0,115.26203223622458,68.0,9.474468864065102e-09,1.973456967515208e-09,5.09654796767677e-09,1.786033688623371e-09,5.008726997312751e-10,85,1.3671562082777036,0.2910724821576691,0.478515625,7.169657640117179e-05,3.321311684567995e-05,0.72900390625,9.697361694250147e-05
S9,R,ANE,2,110.0,123.06427472769131,47.0,9.409092614719766e-09,1.950991183303148e-09,4.472188194357794e-09,2.301294716642835e-09,5.673282947545894e-10,81,1.3394375408763899,0.20221963350050762,0.46044921875,0.0001317054551356091,3.16387567715958e-05,0.6773111979166667,9.769319279758194e-05
S9,R,ANE,3,109.0,123.00952725020976,65.0,9.179310252457371e-09,1.8039014955394761e-09,4.444617413138727e-09,2.2730795922801376e-09,5.568369440449681e-10,88,1.4566145092460883,0.20504758108621746,0.4384765625,0.0001336452265144531,3.065531938463527e-05,0.678466796875,9.617374986898338e-05
S9,R,ANE,4,113.0,125.18117406118628,69.0,1.0234965768610006e-08,1.9842264672269296e-09,4.890826111387694e-09,2.6078744986815814e-09,6.37962836664471e-10,88,1.4840579710144928,0.1564333330720087,0.451171875,0.0001393844551105929,3.0358291833209646e-05,0.7132161458333334,0.00010027336489838095
S9,R,PLA,1,110.0,121.9016640161142,41.0,8.638258559931842e-09,1.8198335056357806e-09,4.144312628602596e-09,2.0722740158776818e-09,5.072949015784708e-10,86,1.4586894586894588,0.28490307888887034,0.4677734375,8.572860814380455e-05,2.8337126457388604e-05,0.7490071614583333,9.271547522454488e-05
S9,R,PLA,2,110.0,123.5141676620361,67.0,9.051177042652931e-09,1.7579608945538694e-09,4.448864449095804e-09,2.1850838514949326e-09,5.579909447576747e-10,85,1.4075601374570448,0.21976472083339135,0.4814453125,0.00011548184227167374,3.09853857289188e-05,0.72724609375,9.593302399674004e-05
S9,R,PLA,3,111.0,122.92415756999515,52.0,1.0588405541858393e-08,2.155326050392109e-09,5.212624965811395e-09,2.455444751075084e-09,6.491470806862328e-10,85,1.4046639231824416,0.17270885711718587,0.4453125,0.00011450541516630832,3.2823858567112954e-05,0.68125,0.00010295895659500713
S9,R,PLA,4,107.0,119.95690417496805,55.0,1.0408284880870913e-08,2.2568383363630385e-09,5.125235780172447e-09,2.30641346025066e-09,5.93445874123028e-10,89,1.465998568360773,0.2484583700347624,0.462890625,0.0001459753340319517,3.193181367158667e-05,0.7318522135416666,0.00010378854275867769
PS8,R,ANE,1,81.0,92.69085400751776,61.0,1.5345976821327955e-08,4.533545504411767e-09,8.444791140957701e-09,1.9621729933040393e-09,2.1964996786303189e-10,93,1.7341236240474174,0.3454132965084251,0.49072265625,9.306375555083605e-05,3.803795047884807e-05,0.7718912760416666,0.00012440601521902588
PS8,R,ANE,2,85.0,101.5451041549886,39.0,1.0814927531413957e-08,3.1304183254036347e-09,5.371464002363144e-09,1.8788503872531204e-09,3.0312282782945954e-10,87,1.5729646697388633,0.3639556767380355,0.486328125,0.00014622408944912237,3.420556889125884e-05,0.738525390625,0.00010612134094749992
PS8,R,ANE,3,83.0,103.34288479556531,72.0,1.1987825680393965e-08,3.4424571526760687e-09,5.784127969985709e-09,2.2099857371696892e-09,4.067404364938803e-10,95,1.6357827476038338,0.3494438118924326,0.47509765625,0.00010965916231452533,3.338664859291096e-05,0.7450032552083333,0.00011003012696059471
PS8,R,ANE,4,80.0,96.38069848742246,56.0,9.849650231647022e-09,3.043263760135824e-09,4.934813457980369e-09,1.5280096677796882e-09,2.0741073557619029e-10,101,1.8075904677846426,0.3280027625976331,0.4609375,9.799925263476232e-05,2.69601147755106e-05,0.779833984375,9.994201260564572e-05
PS8,R,PLA,1,82.0,97.02312131666511,60.0,1.6423376067835092e-08,5.161967778354298e-09,7.985444242112785e-09,2.690389687656274e-09,3.4102467257092154e-10,89,1.6623376623376624,0.3220423292453538,0.48486328125,0.00011209158485398537,4.0279571158277166e-05,0.7937662760416667,0.00012849496266533364
PS8,R,PLA,2,84.0,102.22276262704085,54.0,1.119717786153413e-08,3.2199390619661677e-09,5.5615762430908525e-09,1.926986528887073e-09,3.617051797332441e-10,87,1.6489533011272142,0.36202409067165575,0.48974609375,9.33256998506679e-05,3.394278568027398e-05,0.7510579427083334,0.0001070251691253887
PS8,R,PLA,3,85.0,102.51679527677786,54.0,1.3435049671145111e-08,3.842064330193786e-09,6.598676022925106e-09,2.4110291260386893e-09,4.2881915946427855e-10,95,1.8059964726631392,0.33367278176965054,0.47314453125,8.152273001920731e-05,3.446236233972299e-05,0.78759765625,0.00011557271163936374
PS8,R,PLA,4,82.0,97.03415216743072,59.0,1.3952062314430463e-08,4.336669139201866e-09,6.828875365474193e-09,2.2497560445138423e-09,3.267074587214406e-10,100,1.7181208053691275,0.2689833791280275,0.4638671875,0.0001255362313559084,3.454310290324654e-05,0.814794921875,0.00012015238637655149
M2,L,ANE,1,83.0,96.88584754995769,32.0,1.3263048447393749e-09,4.232671353408341e-10,6.56149652213092e-10,2.0081956927248455e-10,2.8846517510563573e-11,89,1.5765973826020014,0.24849812376907646,0.50146484375,2.25637030754806e-05,1.2016744657084006e-05,0.7752115885416667,3.629194458857814e-05
M2,L,ANE,2,90.0,102.47959839736885,32.0,1.502976600024759e-09,4.1882089669627836e-10,7.606420062793051e-10,2.667052570073891e-10,3.665750297152516e-11,98,1.695364238410596,0.2455446553727746,0.4775390625,2.8097856952106494e-05,1.2469901319115157e-05,0.8027018229166667,3.871484437403578e-05
M2,L,ANE,3,89.0,102.00712264608502,32.0,1.7016493505421402e-09,5.09159302645528e-10,8.278966109921728e-10,3.032767896995916e-10,4.0564164418765665e-11,99,1.7414965986394557,0.20506576335414736,0.4951171875,3.522265643825018e-05,1.2729699987453353e-05,0.8385579427083333,4.081006030512592e-05
M2,L,ANE,4,87.0,101.0189346368275,33.0,1.7310635079563824e-09,5.364711151215181e-10,8.256841090581049e-10,3.099237765612115e-10,3.9593771319240426e-11,102,1.7624784853700517,0.19002922740468267,0.4990234375,3.385523814329216e-05,1.374071334707333e-05,0.8649251302083333,4.233023976413826e-05
M2,L,PLA,1,83.0,98.74125843284993,37.0,5.235068188808026e-10,1.7385388789719393e-10,2.4169236798358046e-10,8.860956834688374e-11,1.336354098073229e-11,93,1.585139318885449,0.2845417216255574,0.47900390625,2.5866598933441748e-05,8.25592927163874e-06,0.7706380208333333,2.286916344758157e-05
M2,L,PLA,2,87.0,101.28326031942044,35.0,8.570615914540506e-10,2.544092448603971e-10,4.2959419464522077e-10,1.414483527832022e-10,2.2110296164666755e-11,82,1.4586894586894588,0.2069173382192574,0.4921875,2.5805542852875446e-05,9.85834210251423e-06,0.7016276041666667,2.890052051820671e-05
M2,L,PLA,3,95.0,105.91291616162978,32.0,1.181790479215547e-09,3.1707317709100805e-10,5.942031529776e-10,2.2666167662768453e-10,3.122033531831929e-11,96,1.641025641025641,0.23716740020815913,0.470703125,2.2077212604958072e-05,1.1356450772962168e-05,0.78544921875,3.4287526631662695e-05
M2,L,PLA,4,86.0,99.43592705285161,33.0,1.2702912113542096e-09,4.178330225243711e-10,6.00843913009142e-10,2.039522339643299e-10,3.438341341373819e-11,95,1.654281098546042,0.21926251774155317,0.486328125,3.149275659363368e-05,1.2310508934653856e-05,0.7993326822916667,3.5675937988342176e-05
S14,R,ANE,1,104.0,114.00605885261704,52.0,2.2396233299042786e-09,4.894713620090612e-10,1.1326336733619702e-09,5.212225669333907e-10,7.006203607185666e-11,82,1.4143646408839778,0.20046420526967149,0.478515625,4.172605636322489e-05,1.601927495781795e-05,0.6472819010416667,4.6949870960378716e-05
S14,R,ANE,2,104.0,113.80174694637464,46.0,1.8252867594596468e-09,4.113821787350571e-10,9.261217468707417e-10,4.151531409373247e-10,5.4699836811388667e-11,83,1.3950953678474114,0.20838971279667015,0.48291015625,4.373483656014433e-05,1.4972778589827383e-05,0.65576171875,4.2501762276479214e-05
S14,R,ANE,3,103.0,111.98877770477623,51.0,1.7463782189789715e-09,4.0847711930968295e-10,8.849755877284016e-10,3.8403161125627963e-10,5.017671587103815e-11,85,1.4733812949640288,0.21197951741046242,0.4765625,4.487786075083426e-05,1.3773299422331618e-05,0.6724934895833333,4.1614310301805327e-05
S14,R,ANE,4,107.0,116.10001065097234,39.0,2.012254273464832e-09,4.0578183390548084e-10,1.0390933724338781e-09,4.789797920617292e-10,6.329227115004748e-11,87,1.4883720930232558,0.23909672667038753,0.486328125,4.3440562498536794e-05,1.5116630762124314e-05,0.7021647135416667,4.438941022558682e-05
S14,R,PLA,1,96.0,106.9660936176411,50.0,1.6880422580860617e-09,4.43846240119686e-10,8.439977330174411e-10,3.383376721792458e-10,4.2265388346149004e-11,83,1.601250977326036,0.24253531079562363,0.47802734375,3.438877469183157e-05,1.4722881828526533e-05,0.718359375,4.144581066222539e-05
S14,R,PLA,2,104.0,115.42951967693803,79.0,1.5448032127998884e-09,3.0783824271898947e-10,8.090976733058028e-10,3.6140749579280537e-10,4.9775178771656104e-11,87,1.514792899408284,0.2437371934834108,0.45751953125,3.841802495308455e-05,1.4035875542812513e-05,0.671044921875,3.914425405486352e-05
S14,R,PLA,3,87.0,100.66547144003952,35.0,1.5531462062735272e-09,4.2793867359817817e-10,8.193768977304699e-10,2.5746488245353695e-10,3.111104854297037e-11,84,1.5410082768999247,0.19517131719207836,0.486328125,4.306008780238782e-05,1.4004883456026129e-05,0.7056315104166667,3.966653295366094e-05
S14,R,PLA,4,77.0,89.47516916370823,32.0,1.122424475657072e-09,3.8308192742690054e-10,5.805410120211826e-10,1.288801238404193e-10,1.4928807156993426e-11,84,1.5340823970037454,0.19282680260449744,0.4697265625,2.6536760102604076e-05,1.1404477266011225e-05,0.6859700520833333,3.369692919787298e-05
S6,R,ANE,1,84.0,93.34756901594574,77.0,4.0237722486315715e-09,1.1574113229655258e-09,2.2965020771212752e-09,4.768784204967306e-10,4.60202699380424e-11,99,1.6897689768976898,0.2505513241711318,0.42919921875,7.231621722913474e-05,2.0537360587790882e-05,0.726220703125,6.37008261842646e-05
S6,R,ANE,2,84.0,92.78898066933402,43.0,3.827535179528602e-09,1.1297999413076167e-09,2.145404951142623e-09,4.675282513362224e-10,4.658773044999182e-11,103,1.787085514834206,0.2512839649046503,0.392578125,5.8592925288513694e-05,1.8381759903772586e-05,0.715087890625,6.146434752602214e-05
S6,R,ANE,3,87.0,94.38408260227891,40.0,5.318419910220716e-09,1.5789716332476498e-09,2.940070354371958e-09,6.806040254934149e-10,5.874969800649556e-11,104,1.8091872791519434,0.2263034461623747,0.4140625,7.174017461776931e-05,2.1667434332073407e-05,0.7190755208333334,7.319394915869718e-05
S6,R,ANE,4,83.0,92.36608772038443,37.0,3.091662512367475e-09,9.973940570892287e-10,1.6443824063294907e-09,3.7252776511702856e-10,4.1801116033096684e-11,100,1.7038269550748752,0.25430966873605054,0.4150390625,4.84327723576728e-05,1.6649385019480497e-05,0.737548828125,5.5156779298040356e-05
S6,R,PLA,1,89.0,97.99128491845237,33.0,4.102123186237378e-09,1.0873006503756553e-09,2.3231070966767454e-09,5.843841842049734e-10,5.885406078039224e-11,92,1.5468277945619335,0.25417092730756885,0.42578125,6.305787950215443e-05,2.20777700890117e-05,0.69130859375,6.380101641232104e-05
S6,R,PLA,2,85.0,93.45086867179681,79.0,4.127181366208448e-09,1.212471018097358e-09,2.3303910815433156e-09,4.92511381232633e-10,5.018795617629003e-11,91,1.7123745819397993,0.264690614394137,0.443359375,6.461761975199448e-05,2.2914511975079015e-05,0.7125651041666666,6.490812679860922e-05
S6,R,PLA,3,86.0,95.17220236343194,72.0,4.058743234272529e-09,1.1437779652432706e-09,2.2883691882067e-09,5.217970610019269e-10,5.657261795706141e-11,97,1.6502820306204673,0.24717381993647525,0.41943359375,6.999464676231584e-05,1.9468493761732527e-05,0.690087890625,6.326481460148189e-05
S6,R,PLA,4,83.0,92.36788432787299,79.0,3.758664675213162e-09,1.1255103694642295e-09,2.111923512216812e-09,4.348709795497763e-10,4.581453588965003e-11,98,1.6869851729818781,0.22970163352056866,0.4287109375,6.0889940579189336e-05,1.883473023461459e-05,0.72412109375,6.102473091045705e-05
PS7,R,ANE,1,87.0,102.10190452982395,45.0,5.061029080656292e-09,1.6172701020373258e-09,2.3173468243432363e-09,9.051335524433026e-10,1.5803580103902005e-10,100,1.8788990825688074,0.32871896755919516,0.439453125,6.756404851317004e-05,2.0136803323060238e-05,0.7585286458333333,7.097888857167635e-05
PS7,R,ANE,2,89.0,102.24164180422486,29.0,4.983045234065075e-09,1.517871859683112e-09,2.4253098006528396e-09,8.354791006838808e-10,1.5144102103735425e-10,101,1.9248120300751879,0.32994225318397374,0.421875,6.933641945970894e-05,2.2418345180102828e-05,0.727392578125,7.134157559164299e-05
PS7,R,ANE,3,89.0,102.70965509427606,49.0,5.811316738942881e-09,1.8140897289044443e-09,2.7733397305990774e-09,9.817388747831242e-10,1.792951033495358e-10,93,1.4453069865913903,0.2789062941843635,0.4169921875,7.271123036512674e-05,2.335743047668524e-05,0.6561197916666667,7.62142046711695e-05
PS7,R,ANE,4,87.0,100.03796894585743,55.0,6.862091696987385e-09,2.181352107750443e-09,3.2813442573681277e-09,1.1313971510599535e-09,1.7706032442705522e-10,92,1.4504249291784703,0.2067071714576507,0.3994140625,9.778409895345845e-05,2.490924705926237e-05,0.6185709635416666,8.223723218105102e-05
PS7,R,PLA,1,78.0,94.32100177780626,41.0,5.882660844128275e-09,2.1096595730075943e-09,2.732536507649341e-09,8.233684974752985e-10,1.4154448199486652e-10,94,1.514792899408284,0.261167092476752,0.4052734375,6.425519337711455e-05,2.401246731651165e-05,0.6625813802083333,7.665344674627932e-05
PS7,R,PLA,2,88.0,102.00916084768275,58.0,7.521931830861196e-09,2.315059461140058e-09,3.591401738902253e-09,1.2915177426607573e-09,2.1391917002854372e-10,94,1.4691535150645625,0.19833821942511812,0.3916015625,9.013220181802706e-05,2.57065230367082e-05,0.6251627604166666,8.657515656751658e-05
PS7,R,PLA,3,83.0,98.23138052610794,35.0,6.837389295180775e-09,2.3498516816420538e-09,3.1222731224549414e-09,1.1039249961440095e-09,1.8753901273019237e-10,91,1.4649499284692418,0.2233122481757972,0.4111328125,8.827727775762466e-05,2.5600761607011685e-05,0.647509765625,8.346998639162974e-05
PS7,R,PLA,4,83.0,98.56582304675125,35.0,6.942131286841176e-09,2.295126839064423e-09,3.2797742283382617e-09,1.1051311918411721e-09,1.7955088906525721e-10,88,1.4483734087694484,0.15303896590799332,0.416015625,6.77784359215331e-05,2.75720364344706e-05,0.60224609375,8.309812736532912e-05
PS12,L,ANE,1,96.0,109.57569534561601,83.0,6.849455840347627e-09,1.5689882187688177e-09,3.661956709550993e-09,1.288103455237987e-09,2.514005347848185e-10,90,1.4970760233918128,0.20046805342607293,0.421875,0.00016827357985450199,2.477589745239054e-05,0.68623046875,8.161585075964222e-05
PS12,L,ANE,2,90.0,104.35465631978585,42.0,6.906600326674389e-09,1.923314843944717e-09,3.439376780171897e-09,1.2370927616052435e-09,2.2178655242844628e-10,92,1.5538694992412747,0.1920907438050411,0.3955078125,0.00012250677043967528,2.1710157907441565e-05,0.6312825520833333,8.261855796498253e-05
PS12,L,ANE,3,92.0,105.07007429299493,38.0,6.897399463139839e-09,1.864845807409596e-09,3.4990914980156237e-09,1.2649902360908634e-09,1.8782322199331055e-10,92,1.5306427503736921,0.16218069567036533,0.4052734375,0.00012704209595686516,2.1417345437182245e-05,0.6477213541666667,8.256175705143426e-05
PS12,L,ANE,4,100.0,112.96629700785226,46.0,7.834638689081447e-09,1.8311055981893384e-09,3.872938727040981e-09,1.752012563124443e-09,2.883652588766314e-10,95,1.5826893353941267,0.1588677690847992,0.39501953125,0.00013305979840714458,2.3117632326200775e-05,0.6745768229166667,8.863587946847265e-05
PS12,L,PLA,1,108.0,120.08781929509283,77.0,5.465431765778549e-09,9.710833851638657e-10,2.9252237765487773e-09,1.2515691637410327e-09,2.4983891307025134e-10,91,1.4473498233215547,0.2740836735370933,0.4375,9.087093588545449e-05,2.1043075865369144e-05,0.6564290364583333,7.514849959053129e-05
PS12,L,PLA,2,103.0,114.64910131913894,60.0,5.77531425973618e-09,1.2566734245780616e-09,2.9358076437954238e-09,1.2544995088863316e-09,2.4386793992530495e-10,87,1.3903598099117447,0.2167009142734455,0.3955078125,0.00011732444667302241,2.134444472453574e-05,0.59658203125,7.673394334791648e-05
PS12,L,PLA,3,96.0,108.29218098278548,91.0,6.121442497463117e-09,1.4332546022094685e-09,3.2839809002220706e-09,1.143565653052226e-09,1.8747942146082374e-10,88,1.4524822695035462,0.19862476029615736,0.3857421875,0.00014024794460011205,2.1982760610645028e-05,0.5880533854166666,7.935911275230399e-05
PS12,L,PLA,4,94.0,107.04220943269601,59.0,6.081895412918577e-09,1.5421302773909556e-09,3.157062223141783e-09,1.1146538189359206e-09,1.872796956617126e-10,92,1.528358208955224,0.1870533656486722,0.3935546875,0.00012072573070294901,2.0823181012423028e-05,0.6365234375,7.76753593735863e-05
PS15,R,ANE,1,94.0,106.00780781568974,53.0,1.396375973714094e-08,3.901807966924958e-09,6.788277155514055e-09,2.7433192787726783e-09,3.587667911656194e-10,97,1.620253164556962,0.07893653557832052,0.47119140625,0.00010703480599015094,4.396462236188923e-05,0.7922037760416667,0.00011840687942786273
PS15,R,ANE,2,89.0,104.32073793525848,65.0,1.1762202695214297e-08,3.344543225567808e-09,5.705490128295466e-09,2.22604732968878e-09,3.197341699545756e-10,102,1.695364238410596,0.10702006844681868,0.4287109375,0.00012262780234188563,3.6284313142891954e-05,0.7521158854166666,0.00010897707348137322
PS15,R,ANE,3,85.0,101.12231142937534,37.0,1.2471616846465299e-08,3.900365277849784e-09,5.888000240339923e-09,2.1866287166696125e-09,3.255218673074578e-10,100,1.6814449917898193,0.12937572177023907,0.4287109375,0.0001306023806289415,3.8036510661573845e-05,0.7473470052083333,0.00011199404317583602
PS15,R,ANE,4,87.0,102.7157539285225,52.0,1.3018248353933992e-08,3.741349985818341e-09,6.427953341918505e-09,2.3473237896717485e-09,3.1082165002759405e-10,107,1.7655172413793103,0.118325111843316,0.42626953125,0.00010986511679975505,3.6680759635893015e-05,0.754248046875,0.00011360478375830497
PS15,R,PLA,1,99.0,110.10524822524803,51.0,1.100845647779682e-08,2.809018766485418e-09,5.343621565122941e-09,2.3868418819341887e-09,3.343226933824025e-10,100,1.665040650406504,0.1555038145551201,0.4501953125,0.00014426272413701729,3.6037037234191425e-05,0.774072265625,0.00010570475264506558
PS15,R,PLA,2,95.0,107.96798039248608,56.0,1.3658318952413077e-08,3.4905519952146315e-09,6.847091740749372e-09,2.7822816357848356e-09,3.6069970332377234e-10,105,1.7716262975778547,0.11886208422565511,0.4306640625,0.0001928597629358033,3.799947200143582e-05,0.7649576822916667,0.00011689845943576404
PS15,R,PLA,3,95.0,106.75930461841062,64.0,1.3765277227707892e-08,3.5366683425346005e-09,6.968728572906234e-09,2.6911891370176218e-09,3.7605486053140946e-10,105,1.8253119429590017,0.20334054270411914,0.43505859375,0.00017467303281987488,3.793793819630148e-05,0.7695638020833333,0.00011529443068205108
PS15,R,PLA,4,92.0,104.55099024088709,51.0,1.403298901696916e-08,3.81219989679103e-09,7.114635565569474e-09,2.5764065399448743e-09,3.3912992607833645e-10,109,1.8467087466185752,0.12999842883237864,0.43115234375,0.0001614692192189913,3.783046483096415e-05,0.7939453125,0.00011734016389428803
PS3,R,ANE,1,75.0,87.3535696305144,44.0,3.5348033054456886e-09,1.262324181878712e-09,1.837691723195302e-09,3.135608925845448e-10,7.29016997267048e-11,93,1.8584392014519056,0.3984190018999661,0.45263671875,5.026094359849775e-05,2.043784845768865e-05,0.792041015625,6.033917218597861e-05
PS3,R,ANE,2,85.0,102.98451940117869,77.0,6.342404267723575e-09,1.7236903694715204e-09,3.3117553474776743e-09,9.902957536777303e-10,2.436951395770755e-10,85,1.389416553595658,0.3272229045502895,0.48095703125,0.00011914848935362379,2.9226928844614688e-05,0.7038248697916667,8.005537855983057e-05
PS3,R,ANE,3,95.0,112.67365009835882,62.0,8.30357703982149e-09,1.9874494327445174e-09,4.126037960123584e-09,1.6843474301068116e-09,4.043195998141992e-10,90,1.4104683195592287,0.30870249770903185,0.4326171875,9.482831593497586e-05,3.1186681465009106e-05,0.7271158854166667,9.069559595371502e-05
PS3,R,ANE,4,118.0,127.10647846526483,60.0,8.226614602292367e-09,1.6348979379990467e-09,3.6400469301251233e-09,2.3078067399754415e-09,5.383318230050099e-10,91,1.4114403859407305,0.27925367986929206,0.43701171875,0.000135621736115323,3.158387171764948e-05,0.7059895833333333,9.155404535450253e-05
PS3,R,PLA,1,98.0,113.62960515562865,58.0,7.672441660386773e-09,1.7852541383559128e-09,3.8315666465623854e-09,1.5828721732850188e-09,3.617984154188088e-10,88,1.3800539083557952,0.30673363863762854,0.43359375,8.497585075974108e-05,3.0515341272689387e-05,0.7012532552083334,8.671274543979258e-05
PS3,R,PLA,2,107.0,121.62962478605507,65.0,9.039543377917446e-09,1.8622506901734828e-09,4.330144582124164e-09,2.1778893326800237e-09,5.613555496602122e-10,80,1.3333333333333333,0.1833871832607281,0.45703125,0.00013145086750551422,3.41514051456036e-05,0.66806640625,9.54329194856028e-05
PS3,R,PLA,3,108.0,120.37008538282852,49.0,1.1943154053274433e-08,2.4969127459381125e-09,5.815600270522576e-09,2.8300219568417315e-09,6.533289107988615e-10,80,1.3527080581241744,0.162061565191313,0.455078125,0.00017801164974448386,3.662381400984607e-05,0.6505696614583333,0.00010869386180310773
PS3,R,PLA,4,105.0,119.58806769640317,59.0,1.1348886577892035e-08,2.4336827737781246e-09,5.404749271980251e-09,2.7622136722444224e-09,5.957071327339246e-10,86,1.3726541554959786,0.20347830492403982,0.44921875,0.00014517551628742985,3.4847304023266455e-05,0.679736328125,0.00010627388026475355
S11,R,ANE,1,78.0,89.37977697778199,44.0,7.426255398485943e-09,2.5154153595027098e-09,3.8962898062948845e-09,8.54640704240292e-10,7.857773700585608e-11,94,1.5925349922239502,0.17145007148892313,0.4365234375,0.00011411056791286233,2.7647579955753528e-05,0.7038411458333333,8.680563166829041e-05
S11,R,ANE,2,81.0,88.55411201634793,35.0,6.678842522553316e-09,2.272035593902918e-09,3.588825564786633e-09,6.932526306417434e-10,5.645528766310362e-11,95,1.6436597110754414,0.16209452365173985,0.4375,0.00011204349661140492,2.6459663211627884e-05,0.7067220052083333,8.157975227973152e-05
S11,R,ANE,3,80.0,87.9574645403317,34.0,7.029208810999271e-09,2.3360274389204292e-09,3.8462806780543254e-09,7.189260435843606e-10,5.363622920573918e-11,97,1.6691116544417277,0.13163233866977317,0.4326171875,0.00011422518652460084,2.676538182716632e-05,0.7130533854166666,8.485235205029918e-05
S11,R,ANE,4,78.0,89.01320577015795,38.0,7.362624273076339e-09,2.570098644829998e-09,3.815847398273031e-09,8.253665102626093e-10,6.672083119751495e-11,99,1.7239057239057238,0.11525803231887337,0.43603515625,0.00010520515080469353,2.574081183503346e-05,0.7299967447916667,8.628238286051685e-05
S11,R,PLA,1,75.0,85.83999191998149,41.0,7.744917691551231e-09,2.7953071465557852e-09,4.016567553921089e-09,7.773478186426552e-10,6.751337669289126e-11,86,1.4085281980742779,0.15305836201342785,0.447265625,0.00010569036136098177,2.8209744737180888e-05,0.6485026041666667,8.785048931107795e-05
S11,R,PLA,2,77.0,87.73141373834841,36.0,5.45697153543323e-09,1.9762764643521422e-09,2.7628948516189476e-09,6.011237384239663e-10,5.280297458792662e-11,91,1.531787584143605,0.09805564176022366,0.451171875,9.534992296877943e-05,2.4151700736638172e-05,0.696435546875,7.438068280302013e-05
S11,R,PLA,3,77.0,87.58501847808985,34.0,6.097100113511749e-09,2.231165300328202e-09,3.0576848372690568e-09,6.879443215363873e-10,5.691108114741965e-11,90,1.5585996955859969,0.14746558104313878,0.447265625,0.0001093803547716293,2.5908779662528803e-05,0.6955078125,7.845665234890601e-05
S11,R,PLA,4,77.0,86.98601092607075,35.0,6.763939219576102e-09,2.479721361204895e-09,3.4808228143471202e-09,6.679238486990681e-10,6.45472176965329e-11,85,1.4153420870767104,0.15272206098755622,0.48193359375,0.0001421444694482972,2.8956027348411813e-05,0.6764811197916667,8.32761270249786e-05
S2,R,ANE,1,83.0,94.85860007798215,57.0,1.795903065416024e-08,5.213997508240995e-09,9.919704699962963e-09,2.386967182378099e-09,1.9952479562201876e-10,92,1.5900621118012421,0.19695432876816338,0.453125,0.00018870503705682834,4.489707227535219e-05,0.733447265625,0.00013520770813814142
S2,R,ANE,2,79.0,92.85096823454671,53.0,1.7989338400178312e-08,5.728852888278856e-09,9.446462949913323e-09,2.349815180985267e-09,1.998480379041897e-10,97,1.6869851729818781,0.17952270723058686,0.48193359375,0.00020616558379086007,4.22021665764604e-05,0.8168782552083333,0.00013614780883835774
S2,R,ANE,3,83.0,95.7493488805406,59.0,1.8811244555678178e-08,5.254109674912539e-09,1.0484624374148628e-08,2.569545138641483e-09,2.3300967181263224e-10,91,1.6842105263157894,0.18512653839205007,0.46533203125,0.0001649917168246269,4.6339786163971025e-05,0.7472819010416667,0.00013685909061988039
S2,R,ANE,4,82.0,95.48957146836501,58.0,8.521754955291167e-09,2.595323116268846e-09,4.467179508532494e-09,1.2217769217591046e-09,1.151665539109633e-10,88,1.526080476900149,0.17245272222221047,0.4619140625,9.370718143377632e-05,3.1901381252602776e-05,0.7408528645833333,9.199451461917307e-05
S2,R,PLA,1,84.0,94.86099368047391,54.0,1.0739136143694007e-08,3.1565688173780286e-09,5.818116987819366e-09,1.4738705748877818e-09,1.3364834861278807e-10,92,1.6087981146897095,0.24847384454457855,0.447265625,0.00015424286010909188,3.484049201549761e-05,0.7345703125,0.00010433099966475034
S2,R,PLA,2,83.0,95.26805999256432,69.0,1.686923177828573e-08,4.725954742802545e-09,9.39947151959717e-09,2.287373811742378e-09,2.1278466008859856e-10,88,1.6489533011272142,0.20581697460807652,0.48046875,0.00013975471996045932,4.6245750320779184e-05,0.7594075520833333,0.00012895380454009433
S2,R,PLA,3,81.0,93.6386327420347,54.0,1.4900257432935027e-08,4.550889323165029e-09,8.041262131242046e-09,1.9409095493620758e-09,1.6981600801964077e-10,93,1.6357827476038338,0.18800054688181805,0.47412109375,0.0001438970809562037,4.256207144357241e-05,0.801220703125,0.00012225656042708912
S2,R,PLA,4,76.0,89.42985541852022,57.0,2.253552204308307e-08,7.463133345848942e-09,1.1801973731072059e-08,2.720455372110309e-09,2.3904302573730994e-10,100,1.735593220338983,0.19394959282608634,0.4482421875,0.00019328670824511328,4.95723126432559e-05,0.7826985677083333,0.00014958033728748452
M5,L,ANE,1,105.0,113.70483008033274,42.0,2.3693580905796925e-09,4.914020986373764e-10,1.294270696591225e-09,4.773193264283762e-10,7.851510368163937e-11,89,1.641025641025641,0.28085610480367934,0.42138671875,5.423984263188053e-05,1.2993709048645406e-05,0.71396484375,4.92734320970034e-05
M5,L,ANE,2,100.0,111.3126427660298,85.0,1.862550456851921e-09,4.244314989038165e-10,9.618408123617985e-10,4.0446043792055196e-10,5.118467345943496e-11,88,1.5950155763239875,0.26677383328263204,0.431640625,5.6839437084069285e-05,1.1059730597439364e-05,0.7046875,4.262245571375537e-05
M5,L,ANE,3,96.0,108.36668706548234,44.0,1.4060999757040286e-09,3.3063611859512714e-10,7.493328942588907e-10,2.707456148516425e-10,4.050126666826234e-11,88,1.5375375375375375,0.2724420224720386,0.4404296875,4.862689938132018e-05,1.030748184159129e-05,0.6951334635416667,3.755869504645309e-05
M5,L,ANE,4,95.0,104.85294649716808,43.0,1.6794351773040732e-09,4.1806017768746825e-10,9.108928061106105e-10,2.9066880988626123e-10,4.040565450840675e-11,91,1.585139318885449,0.21538605116469997,0.41015625,5.8504658875100225e-05,1.0067508417665302e-05,0.675,4.09614074607328e-05
M5,L,PLA,1,107.0,117.43201484050941,96.0,1.2967977901941116e-09,2.3175567838262814e-10,7.085732569776693e-10,2.993913382197296e-10,4.323221891364273e-11,91,1.4586894586894588,0.2958870850752447,0.439453125,3.257530755324763e-05,9.397178494540585e-06,0.7406575520833333,3.616773833938394e-05
M5,L,PLA,2,103.0,113.41659196188506,49.0,2.628516078658185e-09,5.235853086098951e-10,1.4401155785370334e-09,5.582731875813745e-10,7.75210626636477e-11,90,1.517037037037037,0.22266282622081027,0.4189453125,8.309399486838665e-05,1.3933803988776664e-05,0.6630045572916666,5.204606776286678e-05
M5,L,PLA,3,104.0,114.74861444339392,44.0,1.560253245926897e-09,3.062028202947827e-10,8.50130102092341e-10,3.3556900354761707e-10,5.0470773207835186e-11,90,1.5802469135802468,0.32061594989625514,0.43359375,3.8304895587115385e-05,8.921730367367063e-06,0.698583984375,3.955542310647194e-05
M5,L,PLA,4,112.0,120.73071230836804,101.0,2.4031050496486274e-09,3.6278350631733787e-10,1.3727862075821017e-09,5.528834282526081e-10,8.98240157285501e-11,93,1.6253968253968254,0.2669252543282654,0.43017578125,2.99698444627396e-05,1.0627269603359443e-05,0.71865234375,4.9857886146245135e-05
S13,R,ANE,1,99.0,109.2239315580163,45.0,8.08224333779342e-09,1.7523468652948537e-09,4.496539629545028e-09,1.5700534415354521e-09,1.816086293193706e-10,85,1.3922501699524132,0.24284273732857536,0.5341796875,0.00011684605353704342,3.2790879542658374e-05,0.7321451822916667,8.987155470224672e-05
S13,R,ANE,2,90.0,101.34404467427079,40.0,3.984240243119927e-09,1.1872879436641976e-09,1.9620535094666525e-09,7.173229356578851e-10,7.479223193710185e-11,94,1.6,0.19865410278822807,0.4599609375,8.086518584705292e-05,1.9801522596776538e-05,0.7329264322916667,6.336175843107461e-05
S13,R,ANE,3,90.0,101.0160520044391,89.0,3.2431386579765415e-09,9.120419035887292e-10,1.6701993279507853e-09,5.511707244572283e-10,7.03484562488323e-11,90,1.5479969765684052,0.24089063058660454,0.4775390625,7.374589005720599e-05,1.8956978785316356e-05,0.7541666666666667,5.627824001142744e-05
S13,R,ANE,4,91.0,100.73143823490317,43.0,3.629988835076322e-09,1.0269065630287912e-09,1.8974572926816806e-09,5.982915419165666e-10,6.689306889916718e-11,94,1.67047308319739,0.22294743119758065,0.4365234375,7.420933800949474e-05,1.7103638755017868e-05,0.706640625,5.938913686402631e-05
S13,R,PLA,1,88.0,100.04453710915537,44.0,5.275651946761847e-09,1.5712994193491332e-09,2.6668366269200765e-09,8.809641876625885e-10,9.344303507734224e-11,92,1.5925349922239502,0.2671961166405033,0.4736328125,6.569113693986073e-05,2.2478822833188498e-05,0.7669921875,7.244888215820978e-05
S13,R,PLA,2,95.0,105.96591834082217,50.0,4.730208832386465e-09,1.2111396028607211e-09,2.4482436068965953e-09,9.181722547479389e-10,9.887656968096007e-11,100,1.7564322469982847,0.2067293047984208,0.453125,9.768586961011232e-05,1.9837306998267655e-05,0.7635579427083333,6.886674437853249e-05
S13,R,PLA,3,99.0,109.08712893533769,47.0,5.247877863104556e-09,1.2489375412653002e-09,2.789426844957851e-09,1.008795702077808e-09,1.4396710781545888e-10,101,1.7624784853700517,0.1955859315552149,0.4404296875,9.806470497427061e-05,2.045363113753159e-05,0.7430989583333333,7.332736624340291e-05
S13,R,PLA,4,95.0,105.0890855804443,96.0,5.819775563285786e-09,1.4017609208548441e-09,3.181533178848314e-09,1.0633466745004406e-09,1.0463042779831228e-10,102,1.7504273504273504,0.22051725998395139,0.44140625,0.000128909596662713,2.1773752738055945e-05,0.7636393229166667,7.637614027451102e-05
PS10,R,ANE,1,87.0,102.90691614772516,66.0,2.1631900460100156e-09,5.364648994369383e-10,1.161344575087599e-09,3.819576063908726e-10,5.451918058558398e-11,98,2.011787819253438,0.309488725682962,0.451171875,4.059543061697522e-05,1.0984828627920767e-05,0.71884765625,4.663212883529867e-05
PS10,R,ANE,2,78.0,93.63741071175382,64.0,1.4510693744056577e-09,4.4824643849596483e-10,7.695203451137337e-10,1.83280793664421e-10,3.001634864551023e-11,106,2.0317460317460316,0.3090749651609123,0.455078125,2.5048517316309156e-05,1.0111209613341606e-05,0.7993489583333333,3.8610997694088916e-05
PS10,R,ANE,3,81.0,96.89799540825808,44.0,1.1987473414634764e-09,3.3686622956218923e-10,6.536399844361491e-10,1.6706758044709895e-10,2.613889444305401e-11,111,2.0277227722772277,0.2967689655829791,0.47314453125,2.8725881863209017e-05,9.568006279364961e-06,0.889306640625,3.542516361290471e-05
PS10,R,ANE,4,78.0,90.69822490438465,68.0,1.5843512276629214e-09,4.6163771132715267e-10,9.192540490646476e-10,1.607753744941461e-10,2.315152330015553e-11,108,2.0521042084168335,0.2960940663692981,0.435546875,2.4790301440733335e-05,1.0083377006842813e-05,0.7944498697916667,3.977315817972169e-05
PS10,R,PLA,1,99.0,114.26754712822513,66.0,2.0696987898300737e-09,4.4603334695807307e-10,1.0361772303897434e-09,4.813381885065332e-10,8.484089718016563e-11,102,2.007843137254902,0.33514381671550847,0.44921875,3.012262644291647e-05,1.2043609674164953e-05,0.7591634114583333,4.5185704131362695e-05
PS10,R,PLA,2,99.0,114.46506478197719,66.0,1.5623149224568548e-09,3.3544429255537977e-10,7.925454762618768e-10,3.4914293785142226e-10,6.452003392157967e-11,110,2.064516129032258,0.30732033551109533,0.4326171875,2.629737870002972e-05,1.1094267048318188e-05,0.7993815104166667,4.107647516194804e-05
PS10,R,PLA,3,94.0,110.26192695325433,37.0,1.6022573166610125e-09,3.9967649686074104e-10,7.969374676742422e-10,3.2457968951935636e-10,6.30652725976942e-11,109,2.206896551724138,0.3175442061963976,0.4326171875,3.109268869007343e-05,1.1301267597263801e-05,0.779443359375,3.989681878053222e-05
PS10,R,PLA,4,77.0,91.45092983888455,61.0,1.4175651146495825e-09,4.429398922266638e-10,7.656816262800322e-10,1.6385669417211458e-10,2.5144852791986306e-11,105,2.0686868686868687,0.31131037694001,0.423828125,3.616294814884787e-05,1.0433218334183818e-05,0.7451985677083334,3.776194578392566e-05
PS9,L,ANE,1,142.0,149.29237069707588,154.0,2.377479376046265e-09,2.9298385104481736e-10,9.852923686799134e-10,8.113683146973821e-10,2.5835957882898855e-10,83,1.3922501699524132,0.20803128768867446,0.5,7.160610518228361e-05,1.577080202692642e-05,0.7610188802083333,4.864561221760799e-05
PS9,L,ANE,2,132.0,142.269092119846,129.0,3.690877729664623e-09,5.004620076982379e-10,1.7018695410353293e-09,1.0944322973652842e-09,3.5278483279671446e-10,87,1.4361851332398317,0.142446010988844,0.52734375,9.696402323548846e-05,1.84646903034374e-05,0.7773763020833333,6.142454425565174e-05
PS9,L,ANE,3,136.0,144.63685727766045,143.0,3.3341206693198023e-09,4.176995970888482e-10,1.5032982495924692e-09,1.0382797560253186e-09,3.3743670975604433e-10,91,1.5306427503736921,0.12921998981420657,0.54736328125,8.032705806476509e-05,1.692308536673039e-05,0.8224283854166666,5.8078479577568916e-05
PS9,L,ANE,4,131.0,139.50415870519157,130.0,2.9435691403069153e-09,4.122995396845708e-10,1.3471947913497321e-09,8.874061499813726e-10,2.622776238668755e-10,92,1.5238095238095237,0.1669190795212254,0.4814453125,6.643901407382889e-05,1.6457265245252447e-05,0.744091796875,5.424145327088961e-05
PS9,L,PLA,1,125.0,137.01221642065215,74.0,2.4745860636929735e-09,3.807066899999732e-10,1.134866163060455e-09,7.132085850183086e-10,2.185160657714082e-10,92,1.5491679273827534,0.16189308825099222,0.4619140625,6.025738993679575e-05,1.4616820608558363e-05,0.7140299479166666,4.993798658037402e-05
PS9,L,PLA,2,122.0,134.80770956752062,67.0,2.6272264531817816e-09,4.478482425065225e-10,1.208425931233444e-09,6.910231688054366e-10,2.498408088140198e-10,92,1.5398496240601505,0.11898441518740016,0.4560546875,5.877833457489692e-05,1.508331919362522e-05,0.7106608072916667,5.1523437329706426e-05
PS9,L,PLA,3,118.0,130.8691632685548,87.0,2.871459206231525e-09,5.56606473574844e-10,1.3154919644219384e-09,7.212456067441724e-10,2.4931224064896485e-10,100,1.673202614379085,0.14736181259257003,0.45703125,6.711033348590003e-05,1.4942399697113552e-05,0.7859212239583333,5.3372425599771574e-05
PS9,L,PLA,4,134.0,142.21140064631754,140.0,4.099028407443343e-09,5.459784853607481e-10,1.8781824250125655e-09,1.2432385582388265e-09,3.8767478427462095e-10,96,1.6228209191759113,0.1507112547070938,0.466796875,9.043540282770064e-05,1.7737310773506067e-05,0.7639973958333334,6.383134229547322e-05
S12,R,ANE,1,93.0,103.39839176256379,62.0,1.1025058098404253e-08,2.6741945624761903e-09,6.156913752319078e-09,1.810170393479713e-09,2.355963011814342e-10,82,1.4242002781641168,0.3138703998587608,0.4912109375,9.388723301127167e-05,4.005999487391617e-05,0.7217122395833333,0.00010618689671053882
S12,R,ANE,2,93.0,103.92127355654543,55.0,5.908146185174652e-09,1.5697239073907856e-09,3.0711260269995473e-09,1.0476376238101952e-09,1.416342432710088e-10,92,1.615141955835962,0.3574017196413914,0.453125,8.260087871629403e-05,2.4684768160311004e-05,0.6945475260416667,7.691622054046234e-05
S12,R,ANE,3,93.0,103.32556598234463,57.0,6.847261563653628e-09,1.817500277572726e-09,3.6137240511203453e-09,1.195860401770069e-09,1.3807988983682102e-10,92,1.5633587786259542,0.2807376923572109,0.4501953125,9.386520113431558e-05,2.688308938329652e-05,0.7149088541666667,8.236604021202909e-05
S12,R,ANE,4,92.0,103.81256657158629,71.0,6.232405297054292e-09,1.6790817058454115e-09,3.21329862129452e-09,1.1225801628598925e-09,1.3994166403781122e-10,86,1.494890510948905,0.35807921157156175,0.45703125,7.439878312028347e-05,2.8112963515779533e-05,0.6772298177083333,7.888675725521924e-05
S12,R,PLA,1,98.0,110.04691873177822,55.0,4.269188941609516e-09,1.014113583796948e-09,2.1987445180287567e-09,8.716980885522825e-10,1.3314194828878727e-10,78,1.5238095238095237,0.37805878232797935,0.5224609375,6.104383238873725e-05,2.718852071190396e-05,0.6886393229166666,6.578792322592516e-05
S12,R,PLA,2,99.0,109.79243364892062,69.0,3.964024911639091e-09,9.313297443760764e-10,2.0398741682575884e-09,8.242323996112305e-10,1.1713120094331683e-10,83,1.543330821401658,0.37447117181649003,0.48876953125,4.6645529616474155e-05,2.3093059222588775e-05,0.7224772135416667,6.23353263648788e-05
S12,R,PLA,3,91.0,104.80168927097831,55.0,4.104844052869502e-09,1.1526469467298068e-09,2.0209605680488074e-09,7.609878999855143e-10,1.1585314876307312e-10,88,1.695364238410596,0.34762526415293804,0.498046875,7.237786151731651e-05,2.195677822439125e-05,0.7191731770833333,6.379054890436872e-05
S12,R,PLA,4,94.0,106.10337871925132,55.0,5.887167003713683e-09,1.5251999652489398e-09,3.041549992980268e-09,1.0972364552885651e-09,1.6003839932540221e-10,84,1.543330821401658,0.38902575714818993,0.44921875,6.96394807485996e-05,2.8185730538866798e-05,0.6277669270833334,7.800933585404849e-05
M6,R,ANE,1,99.0,111.37687179942938,68.0,3.242856917000818e-08,7.382405361524169e-09,1.669545472424951e-08,6.839754514905052e-09,1.0959733894098003e-09,78,1.4065934065934067,0.22228193740148872,0.4462890625,0.00025774868860964145,6.256311342454603e-05,0.6182779947916667,0.00017843691566978004
M6,R,ANE,2,98.0,110.32188489771843,62.0,3.2513187601229927e-08,7.546294601804016e-09,1.6837869095989883e-08,6.663826768247716e-09,1.0394803706535864e-09,88,1.5826893353941267,0.13942886675959493,0.44140625,0.00024071202012213122,5.42976702128816e-05,0.66845703125,0.00018027675999464422
M6,R,ANE,3,99.0,110.45976073629006,60.0,3.956055609373855e-08,8.91435530649844e-09,2.065609944957271e-08,8.321681125202611e-09,1.1198483850654626e-09,89,1.5114391143911439,0.19277575602063005,0.44287109375,0.0002293662257424995,6.0254352985694625e-05,0.6897135416666667,0.00019840281546893988
M6,R,ANE,4,101.0,111.31054893018451,58.0,4.234399968885138e-08,9.511524614798809e-09,2.2110936055079467e-08,8.772063463637739e-09,1.377743069164325e-09,90,1.615141955835962,0.1697293883341664,0.4697265625,0.00025434322926784454,6.176518152433128e-05,0.7369954427083333,0.00020662099901214988
M6,R,PLA,1,107.0,117.9232457589492,63.0,2.1764284239295278e-08,4.365503959684834e-09,1.1049584850303114e-08,5.186858990906323e-09,9.11998609093198e-10,76,1.284012539184953,0.25037011629448586,0.482421875,0.00012189316121613938,5.65363536152888e-05,0.647021484375,0.00014858445723765293
M6,R,PLA,2,101.0,112.49956636546781,63.0,2.926634656236123e-08,6.421999043932701e-09,1.5226153414244466e-08,6.257361016767903e-09,1.0430005249947858e-09,82,1.440225035161744,0.1999020159784622,0.4365234375,0.00020505122842383016,5.65899855729826e-05,0.6104166666666667,0.00017249813294391132
M6,R,PLA,3,104.0,115.3873531755794,64.0,2.17253046408716e-08,4.73773147480554e-09,1.0745686483588073e-08,5.1186731415692456e-09,8.33840569036748e-10,83,1.5058823529411764,0.2772569246969961,0.45361328125,0.0001588124700706986,5.138293631470555e-05,0.657958984375,0.00014695358840210963
M6,R,PLA,4,99.0,110.65389920908272,56.0,3.7825864812531205e-08,9.028925178650303e-09,1.939278085138577e-08,7.69756446078006e-09,1.2039341479879114e-09,84,1.4851341551849166,0.1671482459482791,0.4384765625,0.00025951181908518393,6.318479887204742e-05,0.6516276041666667,0.00019264122682112982
PS4,L,ANE,1,83.0,100.04554011337414,67.0,1.1164591616916523e-08,2.7848096552961913e-09,6.187297590914111e-09,1.7939846063920873e-09,2.1949291264275463e-10,76,1.3247089262613196,0.2694822183681108,0.4921875,0.00011831463525058544,3.653087086853092e-05,0.6475260416666667,0.00010596343382050319
PS4,L,ANE,2,84.0,98.60928154766157,62.0,1.0484792015360722e-08,2.6786022327984724e-09,5.947733580992757e-09,1.4949224955668885e-09,2.056876490655e-10,79,1.3544973544973544,0.2585943350410692,0.5078125,0.00010874995184018276,3.6263005842366116e-05,0.685693359375,0.00010166182330881515
PS4,L,ANE,3,71.0,83.77471928257185,62.0,5.875548476416488e-09,1.9432456541080272e-09,3.326124986521798e-09,4.294448112253998e-10,6.272803551931089e-11,84,1.4787003610108302,0.3474881425592193,0.517578125,6.39113484921641e-05,2.4457148767870242e-05,0.7420735677083333,7.715336827704982e-05
PS4,L,ANE,4,84.0,100.77415321830216,65.0,1.1230721765266296e-08,2.64708873618775e-09,6.366420855442597e-09,1.7822782130950353e-09,2.7541261204652484e-10,80,1.4412385643912737,0.28595605711811695,0.498046875,0.00013342349117266233,3.663733627948296e-05,0.7023763020833333,0.00010454357816653901
PS4,L,PLA,1,76.0,89.04491119667061,67.0,1.082787160612865e-08,3.184059072585791e-09,6.30383696201202e-09,1.0542450610489292e-09,1.3246126836981736e-10,80,1.3819163292847503,0.23166277912865008,0.5107421875,9.961546157514865e-05,3.642903165896133e-05,0.7008626302083333,0.00010193157389762629
PS4,L,PLA,2,78.0,91.08491894660911,63.0,7.792133538225162e-09,2.068062521891939e-09,4.66262499257487e-09,8.38853211853183e-10,9.971928362789787e-11,85,1.5103244837758112,0.2684958627661987,0.4951171875,9.092185430992676e-05,3.0421549052075078e-05,0.736474609375,8.742302065352503e-05
PS4,L,PLA,3,100.0,112.37325335867894,71.0,1.1252773952062136e-08,2.2636443350667487e-09,6.109491788214005e-09,2.3981194113954968e-09,3.363962344266485e-10,90,1.5058823529411764,0.2505639047015937,0.5068359375,0.0001098741978477169,3.099105644227194e-05,0.7935709635416667,0.0001076511350871325
PS4,L,PLA,4,77.0,93.2744954060686,67.0,9.82162866314276e-09,3.001109423925173e-09,5.258784773935452e-09,1.2301861990235328e-09,1.8378989175619364e-10,82,1.4797687861271676,0.2692702076891947,0.5048828125,0.0001044092865163612,2.5260137369087156e-05,0.7599283854166666,9.992063366625398e-05
S8,L,ANE,1,102.0,107.73391238971487,124.0,4.97916172299642e-09,1.1524833810695794e-09,2.765911051238401e-09,9.146163493856229e-10,9.115289219471335e-11,70,1.1783659378596087,0.3141973536470342,0.57421875,6.516713065903578e-05,2.3150159536815247e-05,0.6820638020833333,6.977321549558115e-05
S8,L,ANE,2,98.0,104.42149296581455,50.0,3.811134529716014e-09,9.435816887921582e-10,2.1021253014763853e-09,6.547169311756367e-10,6.796021910529757e-11,79,1.4351786965662228,0.2477158656086994,0.55810546875,5.963641768229149e-05,2.2682213245606334e-05,0.7089680989583333,6.127999581717053e-05
S8,L,ANE,3,97.0,105.77152825457541,96.0,3.5636993549921336e-09,8.555441258830666e-10,1.956812477696047e-09,6.442033555510369e-10,6.810573071212744e-11,79,1.3680694722778892,0.23100653015267933,0.5205078125,5.138998668805693e-05,2.1720704883991117e-05,0.685888671875,5.947069815224274e-05
S8,L,ANE,4,94.0,102.63489073113485,43.0,4.518698576262608e-09,1.1889628624294428e-09,2.415514395261895e-09,7.774259027882499e-10,8.215134310174358e-11,79,1.4222222222222223,0.2143328821395727,0.5654296875,6.662901626745338e-05,2.324086493203674e-05,0.7394205729166666,6.721152107260717e-05
S8,L,PLA,1,100.0,106.65312041182428,35.0,4.798647615549322e-09,1.1047366996145355e-09,2.6754167117603296e-09,8.748443785330481e-10,9.053913423436026e-11,76,1.440225035161744,0.2637694257856107,0.54296875,7.549377376068632e-05,2.4099716784736533e-05,0.72275390625,6.830239580045172e-05
S8,L,PLA,2,98.0,105.70084399654445,31.0,4.169009286975398e-09,1.0439115250360428e-09,2.2046472509840693e-09,7.87930354296264e-10,8.244946294665443e-11,77,1.3204384268214056,0.22018314102353323,0.583984375,6.78203047817258e-05,2.259251257542976e-05,0.7610026041666667,6.35065784688226e-05
S8,L,PLA,3,96.0,103.48440070005208,50.0,4.971233754998865e-09,1.261894621909071e-09,2.7355039143096256e-09,8.368628602414595e-10,8.49998829253414e-11,81,1.440225035161744,0.24940755509014872,0.548828125,6.494827261754051e-05,2.3941265679258277e-05,0.7470540364583333,6.99874502855795e-05
S8,L,PLA,4,101.0,107.88172957069324,69.0,3.5946080129268e-09,7.84159558289263e-10,2.0327018070528202e-09,6.681503113549629e-10,6.837052061356578e-11,86,1.5036710719530102,0.20341332708121476,0.5380859375,6.329149608989037e-05,2.050082914112277e-05,0.7731119791666666,5.9141310765456515e-05
S4,R,ANE,1,113.0,122.27451429662052,99.0,1.5337533981896443e-08,2.5294270221380576e-09,8.083705754760852e-09,3.916157983676492e-09,6.157421697039606e-10,96,1.6228209191759113,0.13970189220258147,0.4658203125,0.00016466970102311585,3.792829494050165e-05,0.7394694010416667,0.00012365099562487104
S4,R,ANE,2,107.0,116.58323887029788,55.0,1.7247567073187932e-08,3.188833617299373e-09,9.434281080222769e-09,3.853961537987731e-09,5.723803308548778e-10,104,1.7210084033613446,0.11474415494511016,0.458984375,0.00020766250806406703,3.781397793809695e-05,0.7723470052083333,0.00013100435421344717
S4,R,ANE,3,108.0,118.03383791291176,64.0,1.3556872434365368e-08,2.5741488073747993e-09,7.08373637020255e-09,3.2332833103424824e-09,5.11294498095379e-10,97,1.6370903277378097,0.12792582003742337,0.46533203125,0.00013914293870926728,3.6214630772468995e-05,0.741455078125,0.00011703227835370245
S4,R,ANE,4,115.0,122.99843359423106,82.0,1.7447440869451757e-08,2.766564483421597e-09,9.30967703474097e-09,4.490423841674676e-09,6.759683950862678e-10,92,1.5515151515151515,0.1515532517636301,0.474609375,0.00016462467194114833,4.2384499015990835e-05,0.7113932291666667,0.00013204446579134267
S4,R,PLA,1,108.0,117.18153038580444,63.0,2.2181514237109844e-08,4.128234621111791e-09,1.1842565589413181e-08,5.19894887468823e-09,7.491870618868623e-10,87,1.4576512455516015,0.23797785240016894,0.4765625,0.00017784019323342,5.127314997960098e-05,0.674560546875,0.00014799232313857693
S4,R,PLA,2,95.0,108.99146014021096,73.0,1.5742709807731198e-08,3.572940587287063e-09,8.420355907047807e-09,3.1112772657745998e-09,4.5346458585372733e-10,95,1.615141955835962,0.11767075460104293,0.4619140625,0.00019278170172792216,4.044326650700244e-05,0.7254069010416667,0.00012621091466369485
S4,R,PLA,3,116.0,124.15945486025657,103.0,1.67925203227837e-08,2.5774673689939034e-09,8.815163711834949e-09,4.540147298104795e-09,6.467942997190117e-10,99,1.6828266228430566,0.1419879365051783,0.45263671875,0.000184094681241287,3.829422797302308e-05,0.73544921875,0.0001290864968156661
S4,R,PLA,4,117.0,124.66775463443457,103.0,1.8251448181422966e-08,2.8303291580785207e-09,9.49932496382034e-09,4.981647027176528e-09,7.248583119107305e-10,100,1.656957928802589,0.11914582969052818,0.4501953125,0.00018402576079233399,4.123471100273181e-05,0.761865234375,0.00013672825142884305
PS13,R,ANE,1,82.0,91.68970855519773,28.0,1.467116887059143e-08,5.202021290754301e-09,7.1197790349921496e-09,1.9963100006306376e-09,1.9541896632478512e-10,91,1.508100147275405,0.2658698459392847,0.49072265625,8.280807042759825e-05,4.007738295613183e-05,0.7607747395833333,0.00012072865848168748
PS13,R,ANE,2,87.0,95.87740554625044,31.0,1.2659709229490286e-08,4.017384426900806e-09,6.433621306793527e-09,1.897553786498011e-09,1.779717667473134e-10,87,1.526080476900149,0.27265637461325126,0.4755859375,0.0001237060398898833,3.418233701152321e-05,0.6926920572916667,0.0001132707276311333
PS13,R,ANE,3,94.0,102.62869880286128,82.0,1.849051539585923e-08,4.4997308238420915e-09,1.0486803073067719e-08,3.008450447574813e-09,2.975972389757207e-10,86,1.4733812949640288,0.16864046648105707,0.482421875,0.00018207646395407563,4.10219850865382e-05,0.7133463541666667,0.00013441215295361772
PS13,R,ANE,4,91.0,99.00645341047029,43.0,1.3547956530267112e-08,3.761726411123932e-09,7.396590144516737e-09,2.0652508174926783e-09,1.809832314165357e-10,90,1.494890510948905,0.22888032804115857,0.48046875,0.00010759839009620235,3.721069615027373e-05,0.7433756510416667,0.00011739709434389209
PS13,R,PLA,1,84.0,92.73977884664622,77.0,1.3204261753663224e-08,3.742157269110758e-09,7.645420761022919e-09,1.5217076210346798e-09,1.3194982291150196e-10,88,1.3580901856763925,0.3038288290854314,0.4619140625,0.00010269741662501146,3.8871004518586766e-05,0.6852701822916667,0.00011619797683896562
PS13,R,PLA,2,94.0,102.8153011317624,45.0,1.1280036082763891e-08,2.7749548355098757e-09,6.3779761054329594e-09,1.837508432239103e-09,1.7554814178182274e-10,83,1.3726541554959786,0.3019247257432965,0.47607421875,9.059101394579604e-05,3.706110021768009e-05,0.6718424479166667,0.00010668856622734754
PS13,R,PLA,3,92.0,102.11497768159458,85.0,1.0631578985683663e-08,2.3932161366776013e-09,6.274207595417859e-09,1.6899404233109303e-09,1.5002787677667595e-10,85,1.4524822695035462,0.2896921280374397,0.4736328125,9.517702403730242e-05,3.0975957630632596e-05,0.7021809895833333,0.000101181331311446
PS13,R,PLA,4,94.0,101.8550106868925,47.0,1.6339081635150816e-08,3.755585143358344e-09,9.685822068928697e-09,2.4788391897355342e-09,2.2098294235513203e-10,83,1.420249653259362,0.18619404950431515,0.4697265625,0.00012977494547734424,4.328858968732006e-05,0.6724283854166667,0.00012787911582937256
PS6,R,ANE,1,111.0,119.5606376932152,72.0,1.2432070706636536e-08,2.306399470755147e-09,6.476091044687078e-09,3.035197604383926e-09,4.851805801294265e-10,91,1.5398496240601505,0.20487203659211942,0.4228515625,0.00016999848392009536,3.177786795343923e-05,0.6746907552083333,0.00011187337389051872
PS6,R,ANE,2,99.0,112.62716383520315,70.0,1.6189030899999883e-08,3.47805624305698e-09,8.419291112642606e-09,3.557568963399758e-09,5.593077174195736e-10,98,1.6331738437001595,0.12782981688866674,0.41796875,0.00025147326673569684,3.6257045834177005e-05,0.7126627604166667,0.00012817109869347307
PS6,R,ANE,3,94.0,108.9289943041831,52.0,1.2366024446368029e-08,2.986699888231081e-09,6.486595302376859e-09,2.3164588401571716e-09,4.295962286584464e-10,94,1.5950155763239875,0.14567522597823024,0.4013671875,0.00019967412215972786,3.1852248831061475e-05,0.6306966145833334,0.00011131316042936329
PS6,R,ANE,4,97.0,109.1472631180079,79.0,1.4352738683881472e-08,3.299123289654151e-09,7.641149402968265e-09,2.809822450580898e-09,4.2551928315789547e-10,94,1.6331738437001595,0.15294129677425083,0.4228515625,0.0002042541865014972,3.457380398803953e-05,0.7021158854166667,0.00011928399805857447
PS6,R,PLA,1,104.0,117.13494957596784,71.0,6.870306715550759e-09,1.4200816140443195e-09,3.422485681315475e-09,1.6608050020259333e-09,2.7960686585374544e-10,91,1.5753846153846154,0.3018210699053643,0.4248046875,6.339909590058265e-05,2.4340627443307326e-05,0.6565755208333334,8.258874692428803e-05
PS6,R,PLA,2,95.0,109.0147032244712,56.0,1.2973304915344292e-08,3.2267306960917316e-09,6.580444543776156e-09,2.630111153469836e-09,3.7457619842943883e-10,91,1.5136733185513673,0.1690865077197942,0.42822265625,0.0001584170898405104,3.218839238849195e-05,0.6821940104166667,0.00011338173369426745
PS6,R,PLA,3,101.0,114.27780066630358,76.0,1.2576968594276607e-08,2.6118837298977482e-09,6.550953169239584e-09,2.828256910539794e-09,4.392263277211247e-10,96,1.6,0.11802275041313165,0.4169921875,0.00013859889045096636,3.1052257253524364e-05,0.6634765625,0.00011119475900396404
PS6,R,PLA,4,108.0,116.15691925262693,62.0,9.270826234399876e-09,1.8911640592965265e-09,4.8138284578094825e-09,2.1010608507221324e-09,3.4920166178469883e-10,87,1.474442044636429,0.12627012111432653,0.4140625,0.0001996829572470358,2.8848871420755676e-05,0.6321940104166667,9.655739821165785e-05
PS11,R,ANE,1,118.0,127.82251988472566,71.0,5.186463024280691e-09,9.160927573824989e-10,2.4675768648269103e-09,1.427797565707778e-09,3.190495875404162e-10,93,1.678688524590164,0.21437418926976923,0.4638671875,8.550273268234948e-05,2.415301048896162e-05,0.735791015625,7.220675179532186e-05
PS11,R,ANE,2,120.0,129.3287767659926,58.0,6.246421006594208e-09,1.0526670803025951e-09,2.8948889224859485e-09,1.8269756322519922e-09,3.8754062847235814e-10,94,1.695364238410596,0.215139480250316,0.4443359375,9.1785550223575e-05,2.65584485806116e-05,0.7511393229166666,7.856309070295234e-05
PS11,R,ANE,3,111.0,122.91672182289925,70.0,5.639232378030673e-09,1.0242173547865948e-09,2.8166151969599812e-09,1.4027884677780494e-09,3.251627329133658e-10,94,1.7504273504273504,0.23603742841161376,0.4404296875,5.4870370824687575e-05,2.5316363104025403e-05,0.7324381510416667,7.54368170464359e-05
PS11,R,ANE,4,100.0,113.78912792533102,63.0,5.721622737734536e-09,1.3111048825077525e-09,2.858899738596833e-09,1.2268405391707436e-09,2.514034689933079e-10,94,1.6489533011272142,0.22666869057770608,0.4482421875,8.430410747190198e-05,2.575817728744035e-05,0.7515625,7.565489146210912e-05
PS11,R,PLA,1,102.0,116.91812952544342,72.0,4.856824057121783e-09,9.886466806835483e-10,2.4845819387035587e-09,1.0619831034510646e-09,2.595212217118266e-10,90,1.5802469135802468,0.2903998148982351,0.4755859375,6.290957011254371e-05,2.5668115145832172e-05,0.7774739583333333,6.962244712512689e-05
PS11,R,PLA,2,119.0,128.30795242313403,60.0,5.801704795598518e-09,1.0510942782681406e-09,2.678255128260462e-09,1.6192066373274102e-09,3.7646314042535053e-10,84,1.5249441548771407,0.2719272855404001,0.4970703125,5.525413294188963e-05,2.8939065190806595e-05,0.7270833333333333,7.632104411586533e-05
PS11,R,PLA,3,110.0,120.2705936392147,66.0,4.865852216585907e-09,1.0333164123230807e-09,2.2780330409994424e-09,1.240251117515097e-09,2.483914826371039e-10,87,1.6636880584890332,0.29568713464769536,0.48388671875,7.141377808315768e-05,2.58321079871794e-05,0.7463704427083333,7.0153951853842e-05
PS11,R,PLA,4,111.0,121.51272496221645,72.0,4.261703202977093e-09,8.56608820723355e-10,2.0341386665247014e-09,1.0910796151933441e-09,2.212410708242117e-10,88,1.6138691883372736,0.20524462607590088,0.4443359375,6.766532980230409e-05,2.3547971834360755e-05,0.7102213541666667,6.551686969204352e-05
PS14,R,ANE,1,91.0,103.54841813307013,60.0,1.1252340699672392e-08,2.905669795541236e-09,6.01937531337715e-09,1.834460705189954e-09,3.363608991767817e-10,82,1.3562913907284768,0.23866651701966404,0.50390625,0.0001247218485025666,3.5886710343599786e-05,0.684521484375,0.00010641532469901017
PS14,R,ANE,2,91.0,102.56537456849827,39.0,1.2822748324785181e-08,3.3423246463846495e-09,7.0154778960125945e-09,1.935267987023732e-09,3.663782582352291e-10,92,1.601250977326036,0.28292751886232825,0.47265625,0.00010982035011226565,3.7430495453060535e-05,0.7365559895833333,0.00011433812190305227
PS14,R,ANE,3,99.0,111.85282257672058,40.0,1.1152133000511923e-08,2.8323083249771285e-09,5.411185347443056e-09,2.3045534996099254e-09,4.788591295276081e-10,91,1.5103244837758112,0.3309455655549363,0.4765625,9.162571983860278e-05,3.856703742937723e-05,0.7387532552083333,0.00010533279653496634
PS14,R,ANE,4,90.0,101.85098269668455,39.0,1.0339690999441902e-08,2.9452410345427046e-09,5.317186979768043e-09,1.6673656266830543e-09,2.748151212658791e-10,90,1.3837837837837839,0.2809404640614348,0.4658203125,0.00010814717253458892,2.918642033312582e-05,0.6946451822916667,0.00010210971528699652
PS14,R,PLA,1,97.0,111.4813566107997,65.0,1.4012647978682892e-08,3.2358000790132106e-09,7.24291363850453e-09,2.8391866592885014e-09,5.310459038772757e-10,85,1.7444633730834753,0.4026388590424043,0.44921875,8.406398224375402e-05,3.4697156529045595e-05,0.632666015625,0.00011619056654273816
PS14,R,PLA,2,93.0,107.04465479577797,38.0,9.11393204106228e-09,2.503497622488352e-09,4.479119200008461e-09,1.6932912613295492e-09,3.243939514713972e-10,88,1.6344772545889865,0.3487613275527031,0.4755859375,8.985877173759252e-05,3.34018525706781e-05,0.704541015625,9.490669262138874e-05
PS14,R,PLA,3,98.0,111.75271108783826,36.0,1.4484132751889634e-08,3.5285939548412207e-09,7.1343011126159035e-09,3.0902593221111815e-09,5.526593969583421e-10,87,1.426183844011142,0.3165456215980183,0.45068359375,0.00013889921565345858,4.1228121185404694e-05,0.65703125,0.00011973528573697922
PS14,R,PLA,4,104.0,117.18574314940646,40.0,1.461331973043736e-08,3.388928041429631e-09,6.980259955323796e-09,3.3126366339622716e-09,7.502425225437867e-10,86,1.3128205128205128,0.29293407340826927,0.46484375,0.0001250775698071842,4.271031264925511e-05,0.6654947916666667,0.00012147252501149744
M1,R,ANE,1,83.0,96.8665409077019,63.0,4.036638242811547e-09,1.0771666446610596e-09,2.3209864562472617e-09,5.222450709017487e-10,6.348991838610636e-11,87,1.4473498233215547,0.09578386212988095,0.4794921875,0.00010968829984140558,2.2773155136177457e-05,0.6999674479166667,6.404050700641499e-05
M1,R,ANE,2,83.0,96.41797858178823,55.0,4.0183008960840525e-09,1.178571166145528e-09,2.148038764441531e-09,5.689677702090229e-10,6.60355244560088e-11,89,1.5092114959469418,0.09157419998248957,0.47265625,8.01899282985107e-05,2.268973237036293e-05,0.7041829427083334,6.403090899605151e-05
M1,R,ANE,3,85.0,96.87924512643826,54.0,4.597970443289538e-09,1.3146736466553923e-09,2.5353072122615083e-09,6.118680275092292e-10,6.839604335135533e-11,92,1.526080476900149,0.08083226943548831,0.4765625,8.334521743855087e-05,2.325671882100752e-05,0.7253580729166667,6.853991263109755e-05
M1,R,ANE,4,86.0,97.10750422679834,64.0,4.756216710839497e-09,1.3150328495377649e-09,2.652308777302692e-09,6.486572861847105e-10,7.08905249128837e-11,92,1.5398496240601505,0.09262915551043838,0.4755859375,8.609103592070394e-05,2.3514631120628772e-05,0.7267415364583333,6.891689309301307e-05
M1,R,PLA,1,85.0,98.18941499039929,61.0,3.5772697195384832e-09,9.312774755728462e-10,2.0403635578516088e-09,4.968003666916046e-10,5.615967236405425e-11,82,1.3298701298701299,0.22761276951288897,0.4814453125,7.219768304091512e-05,2.3574670077128084e-05,0.6640625,5.943583915636426e-05
M1,R,PLA,2,83.0,96.40050512112049,57.0,3.686623362936858e-09,1.0644075556091315e-09,2.022310650410416e-09,4.876665119697088e-10,5.874435860535152e-11,85,1.4104683195592287,0.14599147127409987,0.478515625,8.392606343844914e-05,2.197300790030333e-05,0.6782063802083333,6.038655394862543e-05
M1,R,PLA,3,83.0,96.85807995614694,65.0,3.5884924852536087e-09,1.0563708287178762e-09,1.930306555099506e-09,4.931093522426505e-10,6.219392855646301e-11,86,1.4222222222222223,0.09554809519824321,0.4833984375,9.419936179931438e-05,2.126667693815959e-05,0.705859375,6.029229711144009e-05
M1,R,PLA,4,84.0,95.47962359428679,42.0,4.280661614858337e-09,1.2579580166791082e-09,2.35286123536453e-09,5.526722208616976e-10,6.517866599032893e-11,92,1.5421686746987953,0.10701022302014698,0.48046875,9.995388963001527e-05,2.1972420497045863e-05,0.7475260416666667,6.583084115588854e-05
PS5,R,ANE,1,85.0,101.23635844117466,71.0,1.4207134377924388e-08,3.164813909326067e-09,8.17235913775116e-09,2.3685974797386554e-09,2.9875849938711293e-10,83,1.426183844011142,0.2803429404081049,0.49169921875,0.00014387804340762635,4.340061282534369e-05,0.6810546875,0.00011978526882954125
PS5,R,ANE,2,95.0,111.35825005725954,74.0,8.645926347994177e-09,1.7261511996788536e-09,4.7700255504194e-09,1.7328865660857958e-09,3.0078463142428204e-10,80,1.3178893178893178,0.38272764726563974,0.54296875,8.313856500506058e-05,3.5680419152326567e-05,0.6644856770833333,9.285363345473134e-05
PS5,R,ANE,3,94.0,111.24377158847759,65.0,9.265701551873614e-09,1.7898939495206206e-09,5.1356749353021414e-09,1.8868967803160052e-09,3.269050805812887e-10,81,1.4281729428172942,0.4026725763005627,0.5458984375,5.66472809620692e-05,4.136513277167024e-05,0.7247395833333333,9.594825565026083e-05
PS5,R,ANE,4,93.0,109.64358345337872,80.0,8.798929685849564e-09,1.8010157690293758e-09,4.875771150762214e-09,1.7270908703776988e-09,2.829394079909893e-10,74,1.3315994798439532,0.365917178847983,0.5263671875,8.877372565860463e-05,3.973798091878049e-05,0.6660807291666667,9.404273440282855e-05
PS5,R,PLA,1,92.0,109.1979169250724,68.0,1.2175208934588384e-08,2.3403575752101506e-09,6.978596076015418e-09,2.3222777374779328e-09,3.8792490055458417e-10,76,1.508100147275405,0.4243334208590318,0.5322265625,9.174882657725264e-05,4.53754460795946e-05,0.6750162760416667,0.00010901026603715006
PS5,R,PLA,2,90.0,106.61523550185836,66.0,1.258359899402476e-08,2.7250921247935097e-09,6.93832635491546e-09,2.4043006549339846e-09,3.523904044086348e-10,81,1.3145057766367136,0.31673394623309026,0.51904296875,0.00010731743854168105,4.394512961116731e-05,0.7240559895833333,0.00011207333880171648
PS5,R,PLA,3,89.0,104.28986758139405,70.0,1.2659674726158829e-08,2.9798920295663728e-09,6.914254731408618e-09,2.267569666300496e-09,3.218523976630993e-10,89,1.501466275659824,0.2876788597020927,0.49169921875,9.258822791921464e-05,4.067702518686101e-05,0.7106282552083333,0.00011052074282865058
PS5,R,PLA,4,89.0,105.93055798273376,63.0,1.0581901782657353e-08,2.1276880906838427e-09,6.181781957588436e-09,1.8397731710378044e-09,2.982761958261512e-10,78,1.3350717079530638,0.3352648163574136,0.5439453125,9.710107026992445e-05,4.356459019937442e-05,0.7076334635416667,0.00010416879369030172
S1,R,ANE,1,93.0,103.35649933444242,34.0,1.5383933693318896e-08,4.006420576077429e-09,8.13101767019998e-09,2.740716863034766e-09,3.41831276291275e-10,76,1.4566145092460883,0.22987065229098905,0.46484375,0.0002056923967667511,3.964744604150196e-05,0.600634765625,0.0001249920264962304
S1,R,ANE,2,88.0,98.7888103494551,38.0,2.0637939357867327e-08,6.1410600981061505e-09,1.0537041876320551e-08,3.371843632075346e-09,3.889807632291133e-10,93,1.5609756097560976,0.10261351979256382,0.3935546875,0.000199432487710291,3.448406317344024e-05,0.647412109375,0.00014373738390656104
S1,R,ANE,3,96.0,105.92948496617319,37.0,2.521035121275341e-08,6.7114462742832026e-09,1.2718211033688755e-08,4.8935916647394705e-09,6.259272234991565e-10,98,1.6025039123630673,0.12891965176196057,0.435546875,0.00020436569432857697,3.969120925375961e-05,0.757080078125,0.00015933412301275291
S1,R,ANE,4,100.0,110.55732426367608,41.0,3.23245894860139e-08,7.895797123940142e-09,1.619243713128509e-08,6.9291486326827255e-09,9.742575318225104e-10,93,1.5550493545937738,0.12910901980884537,0.5029296875,0.0002541281657703438,4.8005518736128785e-05,0.7955403645833333,0.00018124617335968154
S1,R,PLA,1,90.0,101.22680292405124,32.0,1.4149953705254259e-08,3.7837681790524855e-09,7.620122941306042e-09,2.3072320835292106e-09,3.268207406688102e-10,82,1.4124137931034482,0.22888413208734212,0.4736328125,0.00017095005658017575,3.54690442319158e-05,0.68505859375,0.00012071955995301268
S1,R,PLA,2,93.0,105.11551288744909,33.0,1.8587310833377842e-08,4.957758093521109e-09,9.45754641294233e-09,3.3619036456615647e-09,6.154542386332147e-10,75,1.2061248527679622,0.16441820699193052,0.50732421875,0.00016777817730322654,4.8427398369948454e-05,0.6861490885416667,0.00013698409569639117
S1,R,PLA,3,100.0,109.2413503147754,33.0,2.621530086772426e-08,6.774236833088029e-09,1.31430636154539e-08,5.167297916673443e-09,8.395279209032471e-10,93,1.5538694992412747,0.14951167293431686,0.43994140625,0.000228841923843273,4.084039004553031e-05,0.7178059895833333,0.0001612380075197085
S1,R,PLA,4,94.0,105.28250315538381,32.0,2.621354148854771e-08,7.24339648074126e-09,1.301145747939409e-08,4.947874621480982e-09,7.564904457492498e-10,88,1.471264367816092,0.13907831776388485,0.548828125,0.0002258631166569909,4.5794906269884735e-05,0.7882486979166666,0.00016510068026990584
S5,R,ANE,1,96.0,108.01978646704978,60.0,2.823589968219332e-08,6.3785974890496916e-09,1.528156193230728e-08,5.485969728508694e-09,7.166585250860809e-10,91,1.5192878338278932,0.28935848674941583,0.40869140625,0.00018719512243314777,4.892619926993519e-05,0.6434244791666667,0.00016750977120655005
S5,R,ANE,2,105.0,114.30404661413365,74.0,3.3257529964460564e-08,6.679382814185231e-09,1.7923793022708794e-08,7.195040719154326e-09,1.0372531734300946e-09,87,1.4331700489853043,0.24871033425920117,0.43359375,0.00020285799288498443,5.228105276018017e-05,0.6954752604166666,0.00017893029651864581
S5,R,ANE,3,102.0,112.77462401412501,53.0,2.5283376089896956e-08,5.7826093765899466e-09,1.301438226218305e-08,5.417691714855935e-09,7.916648472849085e-10,85,1.4524822695035462,0.2666239066124642,0.470703125,0.00015516739732912305,4.9447050356459395e-05,0.7143880208333333,0.00015830399161359925
S5,R,ANE,4,105.0,114.73982666994016,82.0,3.3521374003591664e-08,7.0367362602778795e-09,1.7143909230244375e-08,7.913908533886865e-09,1.0296842777544058e-09,87,1.4351786965662228,0.22740077426790206,0.42529296875,0.0002556287361502879,5.2345521065855287e-05,0.685546875,0.00018373205627900214
S5,R,PLA,1,100.0,111.44297761419936,50.0,2.1817772236714217e-08,5.094177786857132e-09,1.1215306631682281e-08,4.520583497851231e-09,7.211180917391141e-10,93,1.7052456286427977,0.31220138038941375,0.47314453125,0.0001401417978209892,4.7221861463959006e-05,0.7313313802083333,0.00014726993631159589
S5,R,PLA,2,100.0,110.51524265012596,42.0,2.444035349714464e-08,5.699438731568845e-09,1.2650389593394423e-08,5.086705963770047e-09,7.217473391624668e-10,89,1.4351786965662228,0.3396212775423135,0.4306640625,0.00020912747784106845,5.0244425934415425e-05,0.6908528645833333,0.00015660792001596715
S5,R,PLA,3,98.0,109.81581028817794,46.0,3.0565852852058165e-08,7.336283909169309e-09,1.5777253692935457e-08,6.264600773364939e-09,8.408755804438363e-10,91,1.486211901306241,0.25956929329770284,0.4267578125,0.00019764096348693608,5.2112727918996535e-05,0.6815266927083333,0.0001747705631622953
S5,R,PLA,4,94.0,105.66214595000174,75.0,2.0025443415045394e-08,5.018528469566444e-09,1.0606527275294066e-08,3.657538024522047e-09,4.952463934096138e-10,88,1.468100358422939,0.2855882716137633,0.4306640625,0.00013544368207563822,3.625701119092563e-05,0.6965006510416667,0.00014232494684076865
M4,R,ANE,1,87.0,99.46440183991679,36.0,1.4565781599064369e-08,4.295779832135464e-09,7.431060182115979e-09,2.385579501754845e-09,2.741973161546007e-10,93,1.5693486590038315,0.18891713886412204,0.46533203125,0.00014418825571289238,3.477180704413774e-05,0.7576171875,0.00012122196527828369
M4,R,ANE,2,86.0,99.44613878245802,58.0,1.5511748286691866e-08,4.660846616525848e-09,7.712652780608787e-09,2.58474771544731e-09,3.3032083518781374e-10,96,1.665040650406504,0.19587405349212192,0.4609375,0.00016540760594649105,3.3373693815654235e-05,0.7825520833333334,0.0001240183319997834
M4,R,ANE,3,89.0,102.14815890261394,39.0,1.3395488147336933e-08,3.587984926731039e-09,7.042936475553198e-09,2.3032288977833634e-09,2.9210563643007227e-10,98,1.6305732484076434,0.2021127862434282,0.45703125,0.0001339087016909221,3.117427209754329e-05,0.7597981770833333,0.00011616280536915643
M4,R,ANE,4,92.0,103.31433174123546,52.0,1.3515833227111897e-08,3.6631117971202947e-09,6.874831098132259e-09,2.5408770508550867e-09,2.937168811472248e-10,97,1.656957928802589,0.19826048379995503,0.47265625,0.00012242403561676108,3.156402199758124e-05,0.7786295572916667,0.00011702368378741912
M4,R,PLA,1,96.0,107.4860285965898,83.0,1.2312472087404358e-08,3.0583132495999367e-09,6.374859341001457e-09,2.404683298548792e-09,3.3236932020917323e-10,95,1.656957928802589,0.21163421154732281,0.4697265625,9.493052910289832e-05,3.106098390915984e-05,0.800048828125,0.00011151002134099141
M4,R,PLA,2,91.0,102.73958529575086,65.0,1.1928586645453311e-08,3.1574597094422157e-09,6.274710260935387e-09,2.1093414011537636e-09,2.453954973733114e-10,99,1.7038269550748752,0.20004194145706386,0.4609375,0.00010961058884926213,2.9686041248447078e-05,0.8107421875,0.00010859910311071813
M4,R,PLA,3,69.0,86.74603468579409,28.0,1.4874985348773116e-08,6.349706240202601e-09,6.116357793589004e-09,1.977482177114366e-09,2.661525755299956e-10,90,1.5778120184899846,0.19075664715314025,0.4765625,0.00011725058766983721,3.131303238481476e-05,0.7458984375,0.00012485704730272497
M4,R,PLA,4,75.0,91.14557199264634,34.0,1.1082907357288427e-08,4.444017554292367e-09,4.628292602785867e-09,1.6458188756617419e-09,2.434203947954564e-10,98,1.6897689768976898,0.21282990448972688,0.4814453125,7.010888141641713e-05,2.5270379370037406e-05,0.8006673177083333,0.0001067736631865106
S10,R,ANE,1,70.0,84.96736708644306,43.0,1.055997457910193e-08,4.260186897937502e-09,4.979416101159977e-09,1.0542378012872347e-09,1.3835701583437103e-10,96,1.615141955835962,0.13531294173939024,0.4521484375,0.00014039836915878646,3.010394391282059e-05,0.752001953125,0.00010191692081191145
S10,R,ANE,2,66.0,81.90253646813693,36.0,1.2437825685614137e-08,5.543937970894757e-09,5.4015182234194945e-09,1.168897717351366e-09,1.666180643789698e-10,99,1.713807531380753,0.1513719562173896,0.4482421875,0.00017597985112862097,3.0917481777826355e-05,0.7591145833333334,0.00010928843767708446
S10,R,ANE,3,76.0,89.35141256888248,38.0,1.1579705149779078e-08,4.429675081981094e-09,5.4346303365036376e-09,1.3964760986288074e-09,1.9605824065646585e-10,99,1.6925619834710743,0.12493172155604702,0.44140625,0.00015670562851511066,3.0054754711226545e-05,0.7491536458333333,0.00010818481337754455
S10,R,ANE,4,74.0,88.5000734921986,35.0,1.1059253311842199e-08,4.284529778078169e-09,5.223527236207196e-09,1.2474877309958395e-09,1.8059038622815052e-10,99,1.7195633921074727,0.10951520372478644,0.4697265625,0.00011220869115457309,2.9591098784572456e-05,0.7912109375,0.00010583283591245625
S10,R,PLA,1,76.0,91.13574475685445,35.0,9.528694293855586e-09,3.393679191554064e-09,4.632398546303553e-09,1.2077231067381394e-09,1.75811912883368e-10,79,1.3979522184300341,0.22771311131601407,0.4833984375,9.027533482141869e-05,3.310973404322442e-05,0.682373046875,9.771426591505788e-05
S10,R,PLA,2,77.0,91.68509098942567,44.0,8.265282441246938e-09,3.0236132834579568e-09,3.937639337983738e-09,1.0546555931635408e-09,1.519843275074325e-10,88,1.6050156739811912,0.17925018985061397,0.46484375,0.00012503451934483113,2.7849418138094045e-05,0.702734375,9.06791835481475e-05
S10,R,PLA,3,73.0,87.83800117324735,42.0,1.124921114961568e-08,4.135233422597106e-09,5.539520295943384e-09,1.2680818888508436e-09,1.6368817982694282e-10,93,1.6279809220985693,0.1582105875427569,0.4658203125,0.00014259353951295018,3.072672317466283e-05,0.7541015625,0.00010580538172597338
S10,R,PLA,4,76.0,89.03969385374707,35.0,1.1547193939128445e-08,4.248301741951332e-09,5.650547240981254e-09,1.3348332827885542e-09,1.7561820718185893e-10,94,1.673202614379085,0.14435252260065548,0.4365234375,0.00015794743331828593,2.995301469727101e-05,0.712890625,0.00010631524754752251
PS1,R,ANE,1,76.0,86.13123772254814,41.0,2.5538258372685884e-08,8.711299550639697e-09,1.3955110777876817e-08,2.356617456490915e-09,2.086337807038619e-10,80,1.4085281980742779,0.2524969984617478,0.5478515625,0.00027656768084784503,5.6133333224174016e-05,0.7521647135416667,0.0001578529587961352
PS1,R,ANE,2,76.0,84.99045246406867,37.0,2.5847240785541456e-08,9.154677859388147e-09,1.3783168168108285e-08,2.3857452655603763e-09,2.400457439652386e-10,90,1.4819102749638204,0.2138118462029674,0.4599609375,0.00020946690166916395,4.765596691160037e-05,0.726611328125,0.00016011209445258252
PS1,R,ANE,3,75.0,85.09387891510262,45.0,3.1671925708143426e-08,1.1703696048530672e-08,1.6493142197960196e-08,2.8176475076344425e-09,2.696240594814858e-10,86,1.4607703281027105,0.1639441274106477,0.4853515625,0.0002896696424201903,5.406217057120267e-05,0.7062174479166666,0.00017673302187198
PS1,R,ANE,4,77.0,85.65910781838784,38.0,3.293524179729672e-08,1.1354879361075446e-08,1.8001705665761335e-08,2.934867096625668e-09,2.626080679341249e-10,96,1.678688524590164,0.13201007424419267,0.4658203125,0.00022853317371197146,5.07179513639781e-05,0.7594563802083333,0.00017906423837048488
PS1,R,PLA,1,75.0,84.32118462348289,37.0,2.522296855881972e-08,8.69352137110107e-09,1.3964525844132412e-08,1.9940557642103474e-09,2.0831088886849135e-10,83,1.3589913735899137,0.2602641027337688,0.49853515625,0.00018765907516345138,5.167119396048485e-05,0.7319661458333333,0.0001594167064067392
PS1,R,PLA,2,76.0,84.75025832561255,40.0,2.765491232101091e-08,1.0244405639177136e-08,1.4438470002253391e-08,2.432044171506876e-09,2.340804614625442e-10,83,1.4085281980742779,0.16356326469336127,0.4697265625,0.00026868405456996827,5.1312255641487375e-05,0.6723307291666667,0.00016584036002052514
PS1,R,PLA,3,77.0,85.65896574491579,34.0,2.8911220916407037e-08,9.66370655504365e-09,1.6076709419962703e-08,2.6106394764513908e-09,2.5325631238734123e-10,84,1.4124137931034482,0.1588989148245189,0.4619140625,0.00030979321811499237,5.088070253829122e-05,0.6810221354166667,0.00016917964424916111
PS1,R,PLA,4,75.0,85.66932851428723,43.0,2.794252806564281e-08,1.010219302350241e-08,1.4638733217067506e-08,2.626229481138725e-09,2.5749768260178804e-10,89,1.532934131736527,0.1737998275589739,0.4521484375,0.0002477374848198691,4.752370446932993e-05,0.6795084635416667,0.00016551563001063218
PS2,R,ANE,1,89.0,102.25203979188596,32.0,2.5134185188252247e-08,7.163551312784627e-09,1.2555699694524458e-08,4.694312844299197e-09,4.3720760607903324e-10,77,1.3438320209973753,0.20889114738177983,0.50390625,0.00023607103387514425,4.975129564261814e-05,0.641162109375,0.00015687406771192023
PS2,R,ANE,2,86.0,99.59013220161182,27.0,1.728832983849353e-08,5.300091838838836e-09,8.45635803783095e-09,2.9083227828542737e-09,4.18828016251397e-10,78,1.3315994798439532,0.24224100824410244,0.4853515625,0.0001523788825555729,4.950267026168524e-05,0.6293782552083333,0.00013108003980837843
PS2,R,ANE,3,73.0,87.5741503824423,33.0,2.71392917192014e-08,1.1152289587405901e-08,1.1834279817935418e-08,3.477863026068234e-09,4.143687481930438e-10,88,1.5306427503736921,0.22586479639436305,0.4521484375,0.00021782533798010703,4.982184013356715e-05,0.6727701822916666,0.00016533703552708414
PS2,R,ANE,4,75.0,87.80252475847071,30.0,2.3043649962012305e-08,9.18621588592948e-09,1.0272772629961409e-08,3.036863488643733e-09,2.8878248950328744e-10,77,1.4927113702623906,0.21530256212666546,0.462890625,0.00017353009072127693,5.075190847194649e-05,0.67216796875,0.00014997508946608875
PS2,R,PLA,1,82.0,94.20387165011313,32.0,1.3399216756332926e-08,4.406786423702412e-09,6.6340212966720185e-09,2.027820124173163e-09,2.0498870130545756e-10,80,1.4222222222222223,0.24289291552789494,0.498046875,0.00010983661479387459,3.782288632875386e-05,0.6955729166666667,0.00011841648470226854
PS2,R,PLA,2,83.0,96.30515803622534,32.0,2.4203566145825414e-08,8.210609229372758e-09,1.1223685574414504e-08,4.06022225265727e-09,4.1001299404605615e-10,86,1.426183844011142,0.1918658012184304,0.4755859375,0.0001974896860048236,4.336233535937045e-05,0.7076009114583334,0.00015450741944552876
PS2,R,PLA,3,80.0,96.19605485087123,35.0,2.0929225931075858e-08,7.231723487926892e-09,9.503631928477693e-09,3.552693109972305e-09,4.4276195412733635e-10,81,1.3411918795022921,0.211035753152264,0.4912109375,0.00020604600863135175,4.515543645358994e-05,0.688134765625,0.0001441730889109382
PS2,R,PLA,4,86.0,98.54758418232764,29.0,1.8102355583531886e-08,5.684657658324451e-09,8.755311779565692e-09,3.0682739131002353e-09,3.8397771814337236e-10,73,1.2367149758454106,0.21756269795327277,0.5166015625,0.00016077173557482182,4.755616813668365e-05,0.6379557291666667,0.00013485154498989608
S7,R,ANE,1,117.0,123.9736685292219,101.0,3.320388757782177e-08,5.34090036285768e-09,1.7130276451559555e-08,9.106309200708108e-09,1.2215874321605784e-09,80,1.3438320209973753,0.21592699698594306,0.4580078125,0.0003009641327774956,6.233063446431155e-05,0.63408203125,0.0001834809002568245
S7,R,ANE,2,113.0,120.50142812976037,45.0,3.5716977104045865e-08,6.583448516282393e-09,1.8272900033138922e-08,9.154455452296711e-09,1.2900619795519009e-09,87,1.4894545454545454,0.18350239852807418,0.4501953125,0.00021471404576911513,6.051969813413749e-05,0.6935384114583333,0.00019015548082747198
S7,R,ANE,3,109.0,119.34683140702217,65.0,4.1435689412606145e-08,8.517969030321717e-09,2.015710762061924e-08,1.06186052395231e-08,1.6221250687735906e-09,86,1.4618129907209136,0.18257549591161548,0.4521484375,0.00023859274287583567,6.528774165190607e-05,0.6872233072916667,0.00020779334085093573
S7,R,ANE,4,113.0,119.73681528675485,100.0,4.599119105059503e-08,8.36914268275134e-09,2.4205751404561347e-08,1.1331358864050166e-08,1.6013678940194217e-09,85,1.4618129907209136,0.20569649226994707,0.4677734375,0.00028703148156249706,7.129684549817564e-05,0.7007975260416667,0.00021526128025249738
S7,R,PLA,1,112.0,121.18303198430549,72.0,2.583188764028074e-08,4.963594829110303e-09,1.2864021749706991e-08,6.561108030100158e-09,1.14075578906833e-09,80,1.4916241806263657,0.1772598357117946,0.4599609375,0.00019717865902388004,5.780603771022224e-05,0.69873046875,0.00016249824380107475
S7,R,PLA,2,113.0,123.07844684476468,56.0,3.1876504133312526e-08,6.2772040569960896e-09,1.526602827663678e-08,8.42634674352008e-09,1.5471890255881316e-09,84,1.5790285273708558,0.22976903323411865,0.462890625,0.00023983892767564402,6.607890185280676e-05,0.706103515625,0.00017981947291327216
S7,R,PLA,3,111.0,121.02896263394881,75.0,4.898847803700371e-08,8.819463877401257e-09,2.5352481074719717e-08,1.2332694252627349e-08,1.9487053358223424e-09,90,1.5900621118012421,0.17259239460757142,0.462890625,0.00030257426498597257,6.969505061056815e-05,0.7313313802083333,0.00022122603142507745
S7,R,PLA,4,113.0,120.24150918819277,110.0,4.547164625824261e-08,8.385165807101693e-09,2.3383889706368105e-08,1.1512832927270633e-08,1.6396339590182534e-09,95,1.6357827476038338,0.17906176831303555,0.45458984375,0.00025135742554414724,6.432646938251646e-05,0.7599934895833333,0.00021343143078216345
