subj,rama,side,cond,fs,dur_s,snr_db,MDF,MNF,peakF,totpow,p_20_60,p_60_150,p_150_250,p_250_450,n_cycles,chew_rate,cv_ipi,med_dur,med_amp,med_area,duty,rms_amp,mdf_slope,mnf_slope
M1,R2,L,ANE,1024.0,240.0,27.31,98.0,106.23187975995904,66.0,3.1111483969177987e-09,6.461368020509055e-10,1.82800140607707e-09,5.447685013453762e-10,5.4205212064135146e-11,359,1.5036710719530102,0.11339605324749175,0.5361328125,6.693922706929685e-05,1.9099184192900456e-05,0.81087646484375,5.602238799439477e-05,0.6224464681269999,0.6475702068512729
M1,R2,L,PLA,1024.0,240.0,26.26,102.0,110.57682805382943,64.0,2.477235580619642e-09,5.005041751213437e-10,1.3911256952790828e-09,4.989350195249467e-10,5.728673592024907e-11,342,1.440225035161744,0.1723709332656924,0.5224609375,5.3716605441857224e-05,1.7388851781110722e-05,0.76182861328125,4.9599859545069226e-05,1.296262438029605,1.5367755397202651
M1,R2,R,ANE,1024.0,240.0,29.89,84.0,96.81838681394112,62.0,4.368068689558551e-09,1.2261825417251215e-09,2.423656608167618e-09,5.890393729209434e-10,6.730596958462576e-11,359,1.5103244837758112,0.09526444602587329,0.4765625,8.616308762727841e-05,2.3177006421834546e-05,0.7206705729166667,6.642364342154757e-05,-0.5589465911887762,-1.4267452953487776
M1,R2,R,PLA,1024.0,240.0,29.23,84.0,96.6591168645875,57.0,3.802795066904338e-09,1.0855786050604166e-09,2.0940293479552094e-09,5.111604974546594e-10,6.08779251677723e-11,343,1.4291695743196091,0.15948009262875995,0.4814453125,8.70658809522329e-05,2.2099901265468936e-05,0.7032023111979167,6.153863748141781e-05,-5.5704792377201935,-4.051584840995162
M2,R2,L,ANE,1024.0,240.0,22.02,87.0,100.76512421571465,32.0,1.5669825835669474e-09,4.727251609076276e-10,7.678089840249564e-10,2.705583588653344e-10,3.655025495819605e-11,388,1.695364238410596,0.23291784478530528,0.4951171875,3.0258492094081528e-05,1.2787514067523224e-05,0.8276692708333333,3.9601940096173585e-05,-2.463204528673394,-1.9462750938661426
M2,R2,L,PLA,1024.0,240.0,19.85,88.0,101.72159841741964,33.0,9.557912058965986e-10,2.9040517274629544e-10,4.6508086428712085e-10,1.6473129690144415e-10,2.5223607260871594e-11,358,1.5562310030395137,0.2516276259765439,0.482421875,2.6627443350547004e-05,1.0510348797235414e-05,0.77335205078125,3.0849010344257815e-05,1.9987693822298787,1.7800367980893461
M2,R2,R,ANE,1024.0,240.0,18.86,49.0,65.17535574262666,26.0,1.8803299688238707e-09,1.1473409353663877e-09,5.882615450137994e-10,1.054882058368479e-10,2.0168472552350322e-11,383,1.7181208053691275,0.29936498568821873,0.515625,3.5091252994668916e-05,1.4205359655580268e-05,0.84149169921875,4.387311750748822e-05,-14.040118139305934,-15.0445040597358
M2,R2,R,PLA,1024.0,240.0,15.64,73.0,89.45420299193817,32.0,9.264062011189197e-10,3.44207032499508e-10,4.415385022421476e-10,1.0824432945011765e-10,2.120449066955757e-11,354,1.5515151515151515,0.2369915838404133,0.48828125,3.498802153819626e-05,1.052561512672018e-05,0.7731201171875,3.02912452560458e-05,-1.7404451320277055,-2.654845712490186
M3,R1,L,ANE,1024.0,240.0,-2.19,105.0,116.76252885815265,35.0,3.643535053667228e-09,8.699680210517688e-10,1.7339259520575632e-09,8.211272097687284e-10,1.790706794500454e-10,363,1.5215453194650816,0.21919073648149337,0.42138671875,7.438374734825698e-05,1.809905498320482e-05,0.6683308919270833,6.045989761887068e-05,3.0847016630920145,3.3200468046749245
M3,R1,L,PLA,1024.0,240.0,7.67,31.0,46.68673380000025,22.0,3.101909507838336e-08,2.5180593198423998e-08,4.425547185696741e-09,1.0489364249228693e-09,2.1873630440453756e-10,375,1.615141955835962,0.27700692703299556,0.4599609375,0.00021368176651417978,5.2203497547980194e-05,0.7778076171875,0.00018826655308423385,-6.28828100277768,-5.766525928401895
M3,R1,R,ANE,1024.0,240.0,-24.64,60.0,87.5512557006714,24.0,7.126059200565027e-09,3.5322655293707612e-09,2.1976714086112165e-09,1.0639861115872672e-09,2.707481298458245e-10,364,1.5421686746987953,0.26791265737801906,0.408203125,9.67107522825833e-05,2.5250632036397774e-05,0.6969645182291667,8.623301949936577e-05,7.677683625751553,7.158587973556968
M3,R1,R,PLA,1024.0,240.0,-3.97,35.0,48.37850339568469,22.0,7.129716071665034e-07,5.54704771039333e-07,1.3101419443805254e-07,2.0090230710079857e-08,3.5464490961464683e-09,390,1.659643435980551,0.2511682231121859,0.4453125,0.0005112923952254389,0.00012507586433978658,0.7855265299479167,0.0009316422454389889,-0.45114447452621365,-1.4909861481156341
M4,R1,L,ANE,1024.0,240.0,20.45,79.0,89.15501247900943,37.0,8.322782685578941e-10,2.690857250503648e-10,4.603745231708426e-10,8.155100987830248e-11,1.0601460728496816e-11,390,1.695364238410596,0.2189041312028338,0.419921875,2.3121985359603615e-05,8.277630269877698e-06,0.70592041015625,2.8836016283520854e-05,-9.325621461973912,-9.508514676375556
M4,R1,L,PLA,1024.0,240.0,19.69,78.0,88.40783310945334,74.0,6.975438082281878e-10,2.2095213546702322e-10,3.933749277357188e-10,6.687996476862767e-11,7.67069356515357e-12,389,1.6691116544417277,0.22566981141823547,0.45361328125,1.9964941389574625e-05,8.049955797204379e-06,0.7679972330729167,2.6410465960072145e-05,-6.884357090116381,-6.419727956416655
M4,R1,R,ANE,1024.0,240.0,30.91,88.0,101.09268944634094,36.0,1.4265342567428968e-08,4.047559188572451e-09,7.2756037125990405e-09,2.4645166763920038e-09,2.99143377345639e-10,386,1.6305732484076434,0.19996437045091192,0.462890625,0.0001347820238264398,3.248049345162359e-05,0.77884521484375,0.00011964912395871134,1.311135332794205,1.4354772551327097
M4,R1,R,PLA,1024.0,240.0,30.42,83.0,96.6858646381966,28.0,1.253370701967887e-08,4.234901886528572e-09,5.849043265129364e-09,2.033970876197404e-09,2.728253657944456e-10,383,1.659643435980551,0.20479683606389634,0.470703125,9.677046723631023e-05,2.881373293594974e-05,0.79342041015625,0.00011315713352164554,0.47371752048099636,2.450483805250849
M5,R2,L,ANE,1024.0,240.0,22.2,99.0,110.01938871914408,42.0,1.8217283542559034e-09,4.140643863582525e-10,9.756732156836252e-10,3.590049123060021e-10,5.240110648800588e-11,359,1.5950155763239875,0.2526559462541245,0.423828125,5.5140362023771676e-05,1.0956512931840578e-05,0.708935546875,4.281657773703335e-05,1.3339193417952953,0.45797241888841705
M5,R2,L,PLA,1024.0,240.0,22.62,106.0,116.59549434781184,101.0,1.9681922576453602e-09,3.555429180606098e-10,1.0897614731459547e-09,4.3645750263857617e-10,6.513544143206424e-11,362,1.5294996265870053,0.2811837227958955,0.431640625,4.2675177780912435e-05,1.0835627529755509e-05,0.7127522786458333,4.490918273100452e-05,0.9033437642839561,-0.27632690091605844
M5,R2,R,ANE,1024.0,240.0,23.21,95.0,104.70135663481787,39.0,4.8806516855496425e-09,1.2293969184756565e-09,2.6435367605258087e-09,8.48634600331918e-10,1.086555025719309e-10,351,1.6,0.2673697617586772,0.443359375,9.667834484311053e-05,1.5852242474950644e-05,0.719091796875,7.020016858486547e-05,2.8230020041489388,0.8495134038761826
M5,R2,R,PLA,1024.0,240.0,21.82,107.0,116.51013345957116,93.0,3.4871894724079213e-09,6.760444290824278e-10,1.865712162406578e-09,7.906665211291371e-10,1.1551918180187323e-10,350,1.4797687861271676,0.2610825988743393,0.4482421875,7.33100100261661e-05,1.4204596421536218e-05,0.7212361653645833,5.982199473207558e-05,4.271579761611757,2.945746015892167
M6,R2,L,ANE,1024.0,240.0,22.37,97.0,109.84546726344654,40.0,3.114069821272776e-09,7.768091263881804e-10,1.5720796761914152e-09,6.110514456808423e-10,1.1659622374734857e-10,350,1.5468277945619335,0.19011782068248514,0.4462890625,5.772188287405376e-05,1.873778876533176e-05,0.6970906575520833,5.5775078656564105e-05,6.349249323160226,3.213586009147523
M6,R2,L,PLA,1024.0,240.0,21.28,102.0,115.05854845433021,66.0,2.4075734347730844e-09,5.509850631298943e-10,1.1924636633416705e-09,5.257777352672568e-10,1.0921370279152172e-10,329,1.4463276836158192,0.2312291470770647,0.4521484375,5.021661080108036e-05,1.8364394005580423e-05,0.6870849609375,4.923133579174232e-05,-8.023030132555114,-8.127453423772574
M6,R2,R,ANE,1024.0,240.0,28.4,99.0,110.89268108929471,58.0,3.651240401231437e-08,8.29178205207262e-09,1.8969111183062172e-08,7.611058958387379e-09,1.152966040445091e-09,350,1.5468277945619335,0.1901630159676872,0.4462890625,0.00024301268017148646,5.9659680129637775e-05,0.6946451822916667,0.00019130823132231648,1.409655075419287,-0.061400532002719485
M6,R2,R,PLA,1024.0,240.0,27.18,102.0,113.45385585807495,62.0,2.758077164724769e-08,6.125759643333803e-09,1.407579409949525e-08,6.045263362439837e-09,9.954404413532322e-10,319,1.4222222222222223,0.2364003393877499,0.45361328125,0.00020109095276840797,5.770563997263161e-05,0.64847412109375,0.00016623698912783362,-4.2250624099011995,-6.418533445300858
M7,R1,L,ANE,1024.0,240.0,20.71,29.0,36.069110690484585,24.0,1.1771620133015152e-06,1.082337619767166e-06,7.828417818161284e-08,1.0269068104155649e-08,2.3007115595944837e-09,401,2.0521042084168335,0.33018341227235104,0.470703125,0.0012627851620157175,0.0003438369336088559,0.9071248372395834,0.0011308285497095539,-6.060968320382549,-8.344810668232393
M7,R1,L,PLA,1024.0,240.0,25.61,26.0,29.1581659678839,22.0,3.3142009465948977e-06,3.2416697602543375e-06,6.387801381540675e-08,4.1231248030940865e-09,9.765258151159536e-10,412,1.8962962962962964,0.29034147592130866,0.4755859375,0.0026613788400081393,0.0006242148443035452,0.8675211588541667,0.0019884689619240202,-0.32984072290003863,-0.796575008022795
M7,R1,R,ANE,1024.0,240.0,-23.76,92.0,105.98053240736908,35.0,3.1392393677929836e-09,8.907415945134501e-10,1.5166620291099894e-09,5.982719125808842e-10,9.573635669443649e-11,361,1.5562310030395137,0.32853717124875365,0.447265625,5.403130852665363e-05,1.8633255945278785e-05,0.7038248697916667,5.61716918747764e-05,-12.882774867269084,-12.609553280358929
M7,R1,R,PLA,1024.0,240.0,-24.21,92.0,104.69063580143703,53.0,2.8448894582324405e-09,8.189873138601508e-10,1.3775384924412818e-09,5.304395400642166e-10,8.199763474456991e-11,372,1.6062745098039215,0.30276536510592766,0.4501953125,5.0952440894540524e-05,1.634621553321014e-05,0.7399169921875,5.335010570382139e-05,-1.9212404627122817,-0.7472188096117724
PS1,R1,L,ANE,1024.0,240.0,28.89,85.0,94.94319087853462,40.0,2.9518972878232134e-08,9.595008095444415e-09,1.5028414222672918e-08,4.184016056323029e-09,3.856381191979557e-10,343,1.486211901306241,0.19534353967735985,0.46826171875,0.0002576309378289655,5.065183162080415e-05,0.7138590494791667,0.00017129240241408166,-0.33922857846067284,-1.9311789291895178
PS1,R1,L,PLA,1024.0,240.0,28.6,84.0,95.28172758783826,38.0,2.7655585958765946e-08,8.93251308981341e-09,1.4114048429696739e-08,3.9236660173031795e-09,3.905122942210768e-10,335,1.4301675977653632,0.20233076209314393,0.44287109375,0.00024723302544246007,4.906815697067624e-05,0.6509806315104166,0.0001656953180937694,-1.5598607643894378,-2.836140141208593
PS1,R1,R,ANE,1024.0,240.0,32.29,76.0,85.44217571900658,38.0,2.889785761770049e-08,1.0192525967618298e-08,1.551001180582386e-08,2.611755159274358e-09,2.4451536726574875e-10,349,1.5136733185513673,0.20741945289574887,0.4775390625,0.00025766283710299865,5.145084483769549e-05,0.74307861328125,0.00016870981141733479,-6.666643226328187,-3.7420903553031724
PS1,R1,R,PLA,1024.0,240.0,32.1,76.0,85.13620741597539,43.0,2.7314598460475963e-08,9.623249048291573e-09,1.47278062767527e-08,2.404913420869767e-09,2.3722859861323107e-10,339,1.4321678321678322,0.20504674589684296,0.46630859375,0.00025086014909231374,4.927888898848405e-05,0.7016642252604167,0.00016502567004817695,-4.786329594599346,-3.9089266813396244
PS2,R2,L,ANE,1024.0,240.0,23.32,86.0,98.72271079940747,32.0,1.503540524143587e-08,4.946649467155803e-09,7.052025750022635e-09,2.5451000194742667e-09,3.2345383833887373e-10,319,1.4251913709116215,0.23318039478124103,0.5185546875,0.00011103692574920505,3.516863807917838e-05,0.72271728515625,0.0001224096181842676,12.67972293519917,9.827803351925903
PS2,R2,L,PLA,1024.0,240.0,23.73,85.0,98.07688752304338,32.0,1.649331571766968e-08,5.512859458753883e-09,7.71144181601823e-09,2.72912651476462e-09,3.6458962564540774e-10,312,1.3420707732634338,0.21049641586033033,0.5400390625,0.00012980386348238076,3.970308654007957e-05,0.7303385416666667,0.00012841747426385865,12.952603635596494,11.90280434661934
PS2,R2,R,ANE,1024.0,240.0,33.36,80.0,93.84548120962393,33.0,2.3031170356685036e-08,8.161633302106764e-09,1.0720408535470405e-08,3.5108986236512877e-09,3.875818746556883e-10,323,1.4422535211267606,0.23632339158586876,0.4736328125,0.0001805291374834944,4.958293687537044e-05,0.6762654622395833,0.0001513442373646052,4.228226855595794,3.3421536579976276
PS2,R2,R,PLA,1024.0,240.0,32.6,83.0,96.457680365432,31.0,1.9056350342157743e-08,6.347335682513455e-09,8.981108180066478e-09,3.1616907357796377e-09,3.5903955067815016e-10,319,1.3689839572192513,0.2317065551475094,0.49560546875,0.000158709894238749,4.273045330329995e-05,0.6898518880208333,0.00013862343350354083,13.788017298969791,11.687469715518626
PS3,R1,L,ANE,1024.0,240.0,19.76,114.0,123.5048520216593,42.0,5.010774363863285e-09,9.834758994453236e-10,2.3987456605332746e-09,1.3093532850128282e-09,2.590475181539009e-10,321,1.292929292929293,0.293816825684691,0.46923828125,7.190355268945787e-05,2.6779862414225776e-05,0.74368896484375,7.087469542343218e-05,-16.720931050244367,-15.470333163652159
PS3,R1,L,PLA,1024.0,240.0,19.19,103.0,116.53542975497471,34.0,4.4589021647803e-09,1.0451465599868756e-09,2.1125557873541892e-09,1.0392027237694343e-09,2.0723942584815016e-10,327,1.3544973544973544,0.22161388385220923,0.46044921875,8.540793670935536e-05,2.2811856645140283e-05,0.6998575846354167,6.637518783491785e-05,-5.567209310502441,-6.498802614786863
PS3,R1,R,ANE,1024.0,240.0,20.8,93.0,111.47074274832089,62.0,6.630718515943543e-09,1.655404652225306e-09,3.247117945663592e-09,1.3290558301491396e-09,3.171149851202511e-10,353,1.4382022471910112,0.3290466695006686,0.44775390625,8.675891680518443e-05,2.9005000592370233e-05,0.7291748046875,8.163564430232174e-05,-1.0013360992932738,-2.4899240141798376
PS3,R1,R,PLA,1024.0,240.0,22.54,105.0,119.21917721597111,60.0,1.0006997628475222e-08,2.1404649907885364e-09,4.85131342043318e-09,2.3408706816934175e-09,5.445828029173943e-10,337,1.3689839572192513,0.22825558945724805,0.4482421875,0.00012454080290880538,3.4089471391777777e-05,0.6828165690104167,9.966824414457707e-05,-8.53240040786189,-7.649851722788052
PS4,R1,L,ANE,1024.0,240.0,27.33,81.0,97.41311817099972,62.0,9.637012543835457e-09,2.500241975207964e-09,5.426291656842839e-09,1.3688958672384012e-09,1.89804595366417e-10,318,1.3989071038251366,0.2987307963013067,0.5068359375,0.00010373172662066613,3.3734104765492884e-05,0.7047566731770833,9.803746426476748e-05,7.2717907246580635,8.180616048408648
PS4,R1,L,PLA,1024.0,240.0,27.46,82.0,97.11498032463635,67.0,9.94326964020641e-09,2.632760124700675e-09,5.59579558416006e-09,1.3834067950303484e-09,1.879437789956942e-10,332,1.468100358422939,0.25588103426616404,0.5029296875,0.00010348747803422563,3.090614170069438e-05,0.7457356770833333,9.950594230402485e-05,-5.736296192117013,-7.1641465607776285
PS4,R1,R,ANE,1024.0,240.0,21.94,87.0,102.81645171537485,62.0,1.2435373217336758e-08,2.944361823650076e-09,6.82794803989449e-09,2.2211897060359177e-09,2.477799767129206e-10,323,1.4143646408839778,0.29949570137430065,0.50830078125,0.0001014913946658042,3.9690231331888284e-05,0.7276692708333333,0.00011122871990304259,-1.777996554270244,-1.721223723155807
PS4,R1,R,PLA,1024.0,240.0,21.97,91.0,105.49529308595642,67.0,1.2599765056992529e-08,2.8170815443246605e-09,6.932050647874671e-09,2.410217456079832e-09,2.644390312763813e-10,341,1.501466275659824,0.2712912924501352,0.49072265625,0.00013452702272641893,3.642660657500605e-05,0.7484944661458334,0.00011153606551823469,-7.751520691958794,-7.54561502749324
PS5,R2,L,ANE,1024.0,240.0,24.64,83.0,98.04127940866485,63.0,2.81119218049178e-09,7.005826197550951e-10,1.6175870329064273e-09,3.914903397120292e-10,6.046979067818845e-11,290,1.2118343195266272,0.3438196766161899,0.54296875,5.0269952820126946e-05,2.0053423350271085e-05,0.6600179036458333,5.31601537782635e-05,4.94929854787103,4.470856419149403
PS5,R2,L,PLA,1024.0,240.0,26.55,84.0,98.022178880909,67.0,4.4123768923832674e-09,1.0592623727055981e-09,2.6212883789848657e-09,5.778746742776792e-10,9.502044526551514e-11,290,1.2618607516943932,0.3271790816683721,0.5478515625,6.929382678525769e-05,2.68553458206751e-05,0.6586385091145833,6.622317096074176e-05,4.824091979888192,5.168597650357145
PS5,R2,R,ANE,1024.0,240.0,29.59,90.0,107.46031430831523,74.0,1.0220560149415778e-08,2.1165766958646056e-09,5.737270954808114e-09,1.9257363626712044e-09,3.0232783808398637e-10,317,1.4027397260273973,0.3731826259872219,0.5224609375,9.06802756803649e-05,4.0069400643633624e-05,0.6879475911458334,0.00010126748186189859,1.31029148060898,0.33406720190637673
PS5,R2,R,PLA,1024.0,240.0,30.23,90.0,106.48469304473687,71.0,1.1983496031710164e-08,2.5418364606847413e-09,6.742319902997905e-09,2.2053307708247865e-09,3.393002646540085e-10,323,1.4163208852005533,0.3506733467982258,0.51904296875,9.337965399247082e-05,4.311211400589999e-05,0.7102620442708333,0.00010898353493297042,2.0482402165887272,1.0947197911567286
PS6,R2,L,ANE,1024.0,240.0,23.97,104.0,116.19206930998307,41.0,1.4340524039063857e-08,3.0243643775860853e-09,7.481519819999688e-09,3.0279136120120324e-09,6.369842000593751e-10,381,1.6075353218210362,0.16707723889361165,0.42431640625,0.00014399602322262556,3.218449239083216e-05,0.70579833984375,0.00011986309430832992,17.724376780000703,15.259575798636556
PS6,R2,L,PLA,1024.0,240.0,24.5,116.0,126.30960059430436,90.0,1.6333130215846124e-08,2.8131971678839882e-09,8.146841653726437e-09,4.246586136406129e-09,9.340181254586616e-10,363,1.5340823970037454,0.21407449341403376,0.43505859375,0.00016484179484972086,3.537266550831142e-05,0.6679606119791667,0.00012738261733396077,2.211420132906719,1.1948682581462253
PS6,R2,R,ANE,1024.0,240.0,29.79,100.0,112.41317761451617,67.0,1.3822855144942062e-08,3.015415928305411e-09,7.253146045683378e-09,2.92276923046005e-09,4.745982803831637e-10,375,1.6,0.16393752704766418,0.416015625,0.00019937875540990645,3.3898200644123555e-05,0.6842122395833333,0.00011785878648148277,6.360324883091312,4.687831908452575
PS6,R2,R,PLA,1024.0,240.0,28.5,101.0,113.5253028863609,62.0,1.0397538308489035e-08,2.283150322211133e-09,5.326752816450836e-09,2.3001173416775048e-09,3.6013007911475324e-10,358,1.5058823529411764,0.1965721850049049,0.4208984375,0.00013676583146497538,2.9996242485776056e-05,0.6542236328125,0.00010169061440638978,3.194402447171336,3.5849337926776976
PS7,R1,L,ANE,1024.0,240.0,15.39,94.0,104.76997399552342,41.0,2.5750814932644037e-09,6.969725796263649e-10,1.3388429342957858e-09,4.355979598636822e-10,7.35597293407355e-11,344,1.3969986357435198,0.27834136875574467,0.447265625,4.932740175658572e-05,1.7746491477742468e-05,0.672998046875,5.059463429777361e-05,1.8727189620618125,3.0632259687592405
PS7,R1,L,PLA,1024.0,240.0,16.03,96.0,105.30974405007983,50.0,2.946157955640694e-09,7.654605610550711e-10,1.5685175616394591e-09,4.970725102612256e-10,8.180809674342213e-11,355,1.4514528703047485,0.20593460986375442,0.4267578125,5.5971039198703646e-05,1.91349538916613e-05,0.6720540364583333,5.446920275985261e-05,-2.1372666221300243,1.208168594939082
PS7,R1,R,ANE,1024.0,240.0,20.61,88.0,101.5640396934368,40.0,5.692266341075955e-09,1.7886919390316123e-09,2.705877492842921e-09,9.63769862842325e-10,1.6629627405421757e-10,377,1.5238095238095237,0.291799884818454,0.4189453125,7.965648025758389e-05,2.31628062238701e-05,0.6861775716145834,7.533125244748616e-05,1.501634963608874,2.202665616436371
PS7,R1,R,PLA,1024.0,240.0,21.4,83.0,98.4915669912424,35.0,6.795361676224169e-09,2.265186535658018e-09,3.1858947597187546e-09,1.0786684004476537e-09,1.8025227369637948e-10,368,1.4691535150645625,0.21518751951443596,0.4072265625,7.753668716861309e-05,2.57065230367082e-05,0.6403116861979167,8.252809526551852e-05,-8.876164691818152,-6.167164160285652
PS8,R2,L,ANE,1024.0,240.0,18.86,85.0,102.75624177761347,54.0,9.924119610608787e-09,2.9265326755092242e-09,4.7816657983027e-09,1.7577444498000497e-09,3.3641252093229287e-10,377,1.72681281618887,0.3348050970735834,0.474609375,9.120000907967468e-05,3.0112944043137356e-05,0.7737141927083333,9.985858656831652e-05,-10.520305193206987,-11.27503900734732
PS8,R2,L,PLA,1024.0,240.0,19.12,86.0,102.63231247988728,37.0,1.0495328617418954e-08,3.0672545233837564e-09,5.095330922942401e-09,1.8552150935349315e-09,3.4765870566588803e-10,363,1.695364238410596,0.3243864458988509,0.4921875,8.846213034817496e-05,3.1711219740351005e-05,0.8101277669270833,0.00010290897868401626,-4.550578390351957,-5.125922716620744
PS8,R2,R,ANE,1024.0,240.0,19.7,82.0,98.01979277535915,71.0,1.206595923866275e-08,3.5615874487680298e-09,6.170790710986976e-09,1.8980199157432956e-09,2.846757936675778e-10,376,1.708090075062552,0.3304459643699288,0.48046875,0.0001074557837096885,3.256483611646473e-05,0.7694417317708333,0.00011049166297712652,-3.7294047326043405,-4.497748139631757
PS8,R2,R,PLA,1024.0,240.0,20.28,83.0,99.53352734598751,55.0,1.373924209302798e-08,4.127381007282849e-09,6.736751409335801e-09,2.325572705864314e-09,3.6566272459618257e-10,368,1.7123745819397993,0.3217042817903063,0.4765625,9.942337436124242e-05,3.5571684977800414e-05,0.7991048177083333,0.00011806670771680217,-3.9163179916317987,-3.0672078271572034
PS9,R1,L,ANE,1024.0,240.0,25.55,134.0,143.5888843556073,129.0,3.082214931510919e-09,4.0550803732036705e-10,1.3820252038674045e-09,9.570053286714864e-10,3.0191391935660624e-10,355,1.486211901306241,0.17699762667175695,0.50732421875,7.333361195860663e-05,1.7006244447629998e-05,0.7895345052083333,5.580012380815252e-05,-10.764283956260327,-9.527300476714586
PS9,R1,L,PLA,1024.0,240.0,25.42,126.0,136.8857963487561,93.0,3.0161776488612464e-09,4.825484989521231e-10,1.3819638711211146e-09,8.430321350142346e-10,2.7614123069938704e-10,380,1.5950155763239875,0.1486753494152472,0.4580078125,6.711033348590003e-05,1.556202062555209e-05,0.749169921875,5.4935241811643146e-05,-0.5868991948243734,-0.8512249391001472
PS9,R1,R,ANE,1024.0,240.0,22.07,134.0,146.5247478827747,122.0,1.751327358069132e-09,2.6600734976890267e-10,7.371058290468977e-10,5.081851611596925e-10,2.214204953570123e-10,357,1.490538573508006,0.176351600382506,0.4892578125,6.0001217776301655e-05,1.4858723189119079e-05,0.7722208658854167,4.199912333706298e-05,-6.475299743328292,-7.293027031320954
PS9,R1,R,PLA,1024.0,240.0,22.55,131.0,145.06287306699124,120.0,1.9616028423711618e-09,2.904574747245652e-10,8.573476636651315e-10,5.525558039300328e-10,2.4036512206246556e-10,376,1.5875968992248062,0.15843198525050448,0.478515625,5.605131171612104e-05,1.3692112688428373e-05,0.80308837890625,4.436757527678361e-05,-27.97137934671776,-26.145892812269203
PS10,R1,L,ANE,1024.0,240.0,24.23,94.0,108.34597737492113,70.0,1.333403149206072e-09,3.0602041092740074e-10,7.029017343340827e-10,2.7172829166349075e-10,3.747583986394183e-11,295,1.1415830546265329,0.2553902780913572,0.59375,3.348655997300339e-05,1.15681454558987e-05,0.7157552083333333,3.684028790288897e-05,1.007559509159312,-0.47585137002339034
PS10,R1,L,PLA,1024.0,240.0,22.41,83.0,100.32360316943348,44.0,8.853355703865945e-10,2.576075998256634e-10,4.4725839282116103e-10,1.4511490566500804e-10,2.3712164132607444e-11,325,1.2427184466019416,0.2692169619391348,0.5634765625,2.9688490276601795e-05,9.879208940910151e-06,0.74508056640625,2.9875438959457763e-05,7.251643753735802,6.061532218001188
PS10,R1,R,ANE,1024.0,240.0,23.41,81.0,96.6361235695276,65.0,1.5964969931099318e-09,4.450447995242609e-10,8.744617208409304e-10,2.2277966313618526e-10,3.342842688791496e-11,417,2.0277227722772277,0.3146603179958196,0.455078125,2.8555723960960977e-05,1.0263344306535817e-05,0.7952596028645833,4.031814390331933e-05,-7.559755282866284,-7.601604538889359
PS10,R1,R,PLA,1024.0,240.0,23.57,92.0,108.57905001514267,66.0,1.6725673292705392e-09,4.074305282841151e-10,8.525372807228511e-10,3.326486477669106e-10,5.989308891141904e-11,427,2.104830421377184,0.32103940986362234,0.43310546875,3.141896979042718e-05,1.1096032939199159e-05,0.7765543619791667,4.106928708832171e-05,-10.140360746809185,-10.7465000713602
PS11,R2,L,ANE,1024.0,240.0,19.39,102.0,114.81322740975976,64.0,1.4266036552006174e-09,3.2339118121385404e-10,7.029210502414197e-10,3.250562447924717e-10,5.783771532957534e-11,369,1.6981757877280266,0.24051459375469114,0.44189453125,3.383753113464542e-05,1.215784177447665e-05,0.75675048828125,3.771484577199379e-05,2.047290882880348,1.6722672943251509
PS11,R2,L,PLA,1024.0,240.0,19.77,105.0,118.30690767141762,63.0,1.535398845715056e-09,3.1986102117906807e-10,7.575491018582308e-10,3.6387402884596876e-10,7.491114395185195e-11,365,1.6305732484076434,0.2667769937490362,0.48974609375,3.2682988124319804e-05,1.330061831595147e-05,0.78841552734375,3.943670090889625e-05,-3.495657677296859,-2.655161554395728
PS11,R2,R,ANE,1024.0,240.0,29.13,112.0,123.49239195702673,70.0,5.717012318781275e-09,1.078794041716337e-09,2.770610119629848e-09,1.4734080554033414e-09,3.2296856904644466e-10,374,1.6897689768976898,0.21934551990259213,0.4462890625,8.049752299370391e-05,2.5316363104025403e-05,0.747021484375,7.549892415437534e-05,-2.5225906262086433,-1.6201643390617462
PS11,R2,R,PLA,1024.0,240.0,28.54,111.0,122.05540601759172,60.0,4.927595959102766e-09,9.788795180861373e-10,2.3603432443982216e-09,1.247465800084258e-09,2.7529097175890907e-10,348,1.5975039001560063,0.2728996191095461,0.48046875,6.346763249186796e-05,2.544583302213272e-05,0.7553629557291667,7.050926196887602e-05,-4.7741992194367295,-2.919025277499726
PS12,R2,L,ANE,1024.0,240.0,21.36,94.0,108.12775633701311,43.0,7.104836180678013e-09,1.79165311132047e-09,3.61243998673634e-09,1.3806504463052596e-09,2.367061986174328e-10,371,1.5340823970037454,0.18609621701430584,0.40966796875,0.0001329198395696354,2.2673311921984598e-05,0.6696736653645833,8.390431465664182e-05,-1.0668401251714077,-2.8399559966328787
PS12,R2,L,PLA,1024.0,240.0,20.64,99.0,112.29519215483968,60.0,5.877166184342705e-09,1.303379134358127e-09,3.0845845101098233e-09,1.1951405758883641e-09,2.1738799370958925e-10,347,1.4514528703047485,0.2292193559814057,0.40576171875,0.00012687668256698044,2.1578630146857115e-05,0.6141153971354166,7.724429636400026e-05,-11.70317499384691,-10.662884997272624
PS12,R2,R,ANE,1024.0,240.0,48.19,30.0,39.46354258398356,23.0,2.4537493184287235e-05,2.1564293027043584e-05,2.4720566394693773e-06,3.217651240760608e-07,6.782797174342225e-08,351,1.6897689768976898,0.3183658556736452,0.46240234375,0.006910456849561777,0.001149315602025247,0.7711629231770833,0.0052406869434986425,-11.012376498716643,-11.503305396341228
PS12,R2,R,PLA,1024.0,240.0,44.38,35.0,47.22291579093717,23.0,1.0600027131737947e-05,8.470928550635545e-06,1.7712975168421938e-06,2.3977905929743093e-07,4.8949680969605506e-08,337,1.5802469135802468,0.34251869949597197,0.4482421875,0.0015736380407840775,0.00034279843848020365,0.71080322265625,0.003378902578130545,-8.716993073379978,-8.40857654885961
PS13,R1,L,ANE,1024.0,240.0,28.08,99.0,105.78068987499782,94.0,4.92417092366218e-09,1.0726124306527664e-09,2.8784479128115246e-09,8.443535677317724e-10,7.629396326869928e-11,328,1.3969986357435198,0.22407690549249262,0.50390625,5.213252891185659e-05,2.0412609804707158e-05,0.7262736002604167,7.035574328825885e-05,1.5864421082240419,3.192063462392162
PS13,R1,L,PLA,1024.0,240.0,27.77,98.0,105.85956035143771,91.0,4.617939957697214e-09,9.62835264663983e-10,2.7323632277089128e-09,8.015523897083838e-10,6.854136628721908e-11,317,1.3333333333333333,0.2375565253308917,0.53515625,4.755212399541948e-05,2.0828999856820878e-05,0.7216145833333333,6.788719957696273e-05,-0.5519848106606655,0.7942063693118402
PS13,R1,R,ANE,1024.0,240.0,28.77,89.0,97.67132788786446,26.0,1.4764023656440841e-08,4.345641320535064e-09,7.818245389811935e-09,2.230992208180502e-09,2.11981353122104e-10,356,1.5036710719530102,0.24057301973190223,0.48046875,0.00011908125628759894,3.773558929172775e-05,0.7444132486979167,0.00012171110399105924,-3.0941950001758016,-2.136782428395432
PS13,R1,R,PLA,1024.0,240.0,28.16,91.0,99.80120773029194,47.0,1.284873194582825e-08,3.1603480384394387e-09,7.48808827601933e-09,1.881246964933296e-09,1.6973344017938767e-10,338,1.3969986357435198,0.2725502887957633,0.4716796875,0.00010325180680820635,3.883475146595499e-05,0.68876953125,0.0001134406783922489,-10.261137090819592,-7.119966095081882
PS14,R2,L,ANE,1024.0,240.0,27.32,108.0,118.54699838087411,40.0,3.567594750792435e-09,7.788365942027406e-10,1.7093079540730147e-09,8.831557130945298e-10,1.540488804477121e-10,320,1.3178893178893178,0.250562553578327,0.53515625,5.373995974036598e-05,1.811219467902487e-05,0.7137939453125,6.049513736558813e-05,2.0504553285749445,0.9253423308828925
PS14,R2,L,PLA,1024.0,240.0,25.74,103.0,115.23843347362714,38.0,2.5856462967362916e-09,6.183136918100188e-10,1.2299955792795896e-09,5.885889696623102e-10,1.1213620717380793e-10,332,1.3800539083557952,0.3330857164763589,0.49609375,4.3095211619002086e-05,1.6142690688282777e-05,0.69254150390625,5.045762108039203e-05,-2.8830209908231064,-4.133231303370716
PS14,R2,R,ANE,1024.0,240.0,28.88,93.0,104.90836806545795,41.0,1.1372411997132127e-08,3.0028941842504074e-09,5.929892752549079e-09,1.9315377164749495e-09,3.633696349648651e-10,355,1.4566145092460883,0.28822433738667735,0.47998046875,0.00010903155239717566,3.5679056153586414e-05,0.71810302734375,0.00010714338457527501,-13.492458071094548,-10.645043021577484
PS14,R2,R,PLA,1024.0,240.0,29.39,99.0,112.36852272269849,37.0,1.3144187036502993e-08,3.1818599537799226e-09,6.506924091901752e-09,2.750117577931517e-09,5.442490380792175e-10,340,1.4442877291960508,0.3376881528620049,0.4619140625,0.00010401306367137497,3.715054909993781e-05,0.6658487955729167,0.0001135777718581393,-8.924897155514925,-6.0089773809622935
PS15,R1,L,ANE,1024.0,240.0,16.58,117.0,122.02582988042843,135.0,7.94970740394207e-09,1.259165580841604e-09,4.256196588515293e-09,2.0849797208525e-09,2.475055677136106e-10,406,1.695364238410596,0.11501005907671433,0.4111328125,0.00010388405156852684,2.672940390001383e-05,0.7276407877604166,8.954264371634774e-05,-18.365598959248974,-15.862265480935378
PS15,R1,L,PLA,1024.0,240.0,16.68,115.0,121.31011952777756,64.0,8.229315285497274e-09,1.3071692927211489e-09,4.480824906264338e-09,2.0822696176804988e-09,2.6145177741422144e-10,419,1.7808695652173914,0.152094147174965,0.41552734375,0.000109418802919408,2.6313804998548886e-05,0.7410970052083333,9.05517850870913e-05,-13.914173200661022,-11.205876720381232
PS15,R1,R,ANE,1024.0,240.0,20.79,89.0,103.6316313477362,37.0,1.2785925425509316e-08,3.714051158014323e-09,6.1935824994911516e-09,2.3741318535842957e-09,3.2909901224973126e-10,406,1.6842105263157894,0.11688609352144146,0.43359375,0.00011826021750876298,3.800104227322046e-05,0.76796875,0.00011329706995334354,-15.107063746000494,-13.508805885007378
PS15,R1,R,PLA,1024.0,240.0,20.84,95.0,107.19534369704245,51.0,1.3088793861619087e-08,3.40249751673497e-09,6.557488488193439e-09,2.6030081155300984e-09,3.519216044982322e-10,419,1.7746967071057191,0.15889122828138358,0.43505859375,0.00016397143478777572,3.759282374115045e-05,0.7815388997395833,0.00011390814760065028,-8.471854013571958,-8.13258956220916
S1,R1,L,ANE,1024.0,240.0,24.76,90.0,99.09995852647769,37.0,1.2549706296500302e-08,3.6061530659280085e-09,6.621406905921204e-09,1.9356388525638676e-09,2.544187474668161e-10,354,1.5538694992412747,0.14912966005421902,0.412109375,0.00015906614704415493,2.955437112766608e-05,0.6393961588541667,0.00011263726151607765,3.208009563658099,-0.33390847710933
S1,R1,L,PLA,1024.0,240.0,23.45,91.0,102.12461595999753,32.0,9.225246793923539e-09,2.6811971852680867e-09,4.6275832501222e-09,1.572856106771801e-09,2.541707020265469e-10,334,1.4371929824561402,0.186240685388153,0.4755859375,0.0001137195715402857,2.876067113661487e-05,0.7101481119791667,9.685864034277995e-05,8.901058331282304,7.7363228734513125
S1,R1,R,ANE,1024.0,240.0,30.2,95.0,105.54298891604441,39.0,2.330022604245103e-08,6.1583743018314315e-09,1.1855359329843746e-08,4.467803184550238e-09,5.804515300463898e-10,358,1.5609756097560976,0.15505935479865188,0.44140625,0.00020735344151928757,4.2096604950737383e-05,0.7053629557291666,0.00015372132280014645,-1.263668647375268,-0.8725876421565082
S1,R1,R,PLA,1024.0,240.0,29.82,95.0,105.72386238076993,32.0,2.1246840874237505e-08,5.6871387125054615e-09,1.0783480885753891e-08,3.931086397256421e-09,6.329788809377165e-10,335,1.4321678321678322,0.18792375394258395,0.48291015625,0.00019798379755504842,4.4242175934748176e-05,0.7230509440104167,0.000147134109168743,1.5238915649941989,2.8952987396415346
S2,R1,L,ANE,1024.0,240.0,8.97,51.0,66.87427317658957,24.0,2.588867246593832e-09,1.4870396870637888e-09,8.993907178398858e-10,1.5227636466068734e-10,2.5954189267355992e-11,375,1.6489533011272142,0.22499561383898242,0.4599609375,4.4554131086025126e-05,1.720571254379603e-05,0.7620279947916667,5.222379580282981e-05,-5.406982876832741,-1.1581955058947437
S2,R1,L,PLA,1024.0,240.0,16.37,31.0,46.12893762939289,23.0,1.309686983696069e-08,1.0640182267335038e-08,1.917476405577168e-09,4.1019580650004605e-10,7.085582776114137e-11,339,1.8028169014084507,0.265029596443962,0.4755859375,9.972946899663399e-05,3.8589981294554646e-05,0.7517374674479167,0.00012240406172577052,0.7039836855244189,2.327846447625792
S2,R1,R,ANE,1024.0,240.0,21.46,82.0,94.65815666942271,58.0,1.581346717117035e-08,4.6959728258151025e-09,8.577686088291996e-09,2.129620673299597e-09,1.8683744052500403e-10,369,1.6331738437001595,0.1917960933269754,0.4619140625,0.00015159168297890538,4.184158092983651e-05,0.7662434895833333,0.00012650173081500972,-0.760416300411378,-0.803086976601611
S2,R1,R,PLA,1024.0,240.0,21.52,80.0,92.81176049532746,54.0,1.6233438050022045e-08,4.963540929436063e-09,8.75186839783117e-09,2.1023179827874836e-09,1.8833339249752014e-10,370,1.6529459241323647,0.21124599211953324,0.466796875,0.00014870094007215335,4.3017237414970135e-05,0.7751668294270834,0.00012731357455796996,1.2451038993003054,0.05103569872661485
S3,R1,L,ANE,1024.0,240.0,15.05,102.0,118.180593349695,34.0,1.997847637129516e-09,5.451457668174632e-10,8.324381124821416e-10,4.671554975155566e-10,1.2891346682900317e-10,357,1.4776334776334776,0.2393299182508624,0.45361328125,4.766129044390274e-05,1.5503288820057375e-05,0.7215413411458333,4.470250741873019e-05,2.514995956541613,-0.5284140973881962
S3,R1,L,PLA,1024.0,240.0,14.51,110.0,122.87736233743439,40.0,1.7817632420208517e-09,4.429586508825305e-10,7.447177593665794e-10,4.5269065389092915e-10,1.2155637151593343e-10,368,1.5585996955859969,0.23086209500393415,0.4296875,4.1864748156589216e-05,1.3182714267679816e-05,0.7189453125,4.197452736081215e-05,-6.357793326535637,-3.495451055699313
S3,R1,R,ANE,1024.0,240.0,13.9,105.0,120.0186824200648,37.0,1.8002529499032263e-09,4.5010223406080415e-10,7.851174625733971e-10,4.2509710268222766e-10,1.186097869651216e-10,350,1.4351786965662228,0.19829752033276665,0.4365234375,4.792224982222745e-05,1.4676325945060279e-05,0.69154052734375,4.23989068217096e-05,-5.9709925811328715,-4.288323718090283
S3,R1,R,PLA,1024.0,240.0,13.79,104.0,119.86097994893736,34.0,1.7598156054563787e-09,4.421477486070728e-10,7.622059913679438e-10,4.1833090847381694e-10,1.1688281067963852e-10,363,1.5491679273827534,0.23183866577558845,0.4306640625,4.503896487025548e-05,1.420336305948302e-05,0.6900431315104166,4.189227542575776e-05,-23.038852361028088,-17.110808854760162
S4,R2,L,ANE,1024.0,240.0,18.17,94.0,106.72178400537717,53.0,4.329259473436623e-09,1.0793130903276992e-09,2.2779231117127547e-09,7.882060983780828e-10,1.3024217669019265e-10,388,1.6463022508038585,0.14233174729293743,0.4677734375,7.944098671786845e-05,2.0209766270758626e-05,0.7532796223958333,6.595066626234342e-05,1.593720333321607,2.987642147861489
S4,R2,L,PLA,1024.0,240.0,19.26,98.0,110.97970149159136,53.0,5.6025120736311155e-09,1.3254037509572764e-09,2.8868155914173233e-09,1.1164378205496137e-09,2.047054167230744e-10,381,1.6189723320158103,0.16543161382330063,0.482421875,9.836937411419381e-05,2.3689800352339995e-05,0.7645263671875,7.481308935891132e-05,-11.080623044196756,-10.425255277868631
S4,R2,R,ANE,1024.0,240.0,27.53,111.0,119.98900115684158,92.0,1.5856460220379005e-08,2.759999009571782e-09,8.458502632780456e-09,3.859527674102156e-09,5.916483584913885e-10,387,1.6476267095736121,0.13997417693318728,0.4638671875,0.00016672010781173613,3.7899931633036434e-05,0.74407958984375,0.00012607934472454613,-8.06522274181639,-6.68397490727326
S4,R2,R,PLA,1024.0,240.0,28.14,109.0,118.8632044314233,73.0,1.830930283307035e-08,3.290629653048368e-09,9.682759356552744e-09,4.467793189487386e-09,6.47323334870193e-10,381,1.6266878474980142,0.1754708480478912,0.4619140625,0.0001839934709252881,4.121432076530833e-05,0.73118896484375,0.00013526719954143479,-10.88020815020569,-11.256180592088176
S5,R2,L,ANE,1024.0,240.0,24.5,96.0,105.36370095222672,43.0,2.7783036567705115e-09,6.876095204624891e-10,1.497583102182062e-09,5.040383379271607e-10,5.5905722631293784e-11,369,1.5444947209653093,0.2800542721496671,0.39990234375,4.995681904702203e-05,1.4704229257166951e-05,0.6713785807291667,5.261380310721573e-05,-1.8347456137266651,-0.8717656060057309
S5,R2,L,PLA,1024.0,240.0,24.52,95.0,104.54625784349626,46.0,2.7822374177656625e-09,7.27950478381391e-10,1.454918894314501e-09,5.109487120173141e-10,5.2691990991176923e-11,358,1.5272184936614466,0.3269255927256449,0.423828125,4.5675106777593724e-05,1.5004562076516414e-05,0.6953653971354167,5.2714090550362934e-05,-4.101121620196196,-3.20579144587335
S5,R2,R,ANE,1024.0,240.0,30.74,102.0,112.6044497801531,50.0,2.99817723903404e-08,6.448396615703534e-09,1.5797399854244808e-08,6.47946679193854e-09,8.902382603983265e-10,341,1.4341736694677871,0.25590190767098925,0.43603515625,0.00021404212080817814,5.1368048578392204e-05,0.6773396809895833,0.00017240446392656874,-4.01747477233571,-5.028650498752583
S5,R2,R,PLA,1024.0,240.0,29.86,98.0,109.4942211093179,44.0,2.4272328338351678e-08,5.792499194672342e-09,1.2613901211046626e-08,4.883567468884415e-09,6.95053311033554e-10,355,1.4670487106017192,0.2967838325787335,0.4375,0.00017230005281146816,4.728907845644491e-05,0.6967447916666667,0.00015573664870081362,-8.534615519848106,-5.380393807161165
S6,R2,L,ANE,1024.0,240.0,19.4,87.0,96.59055094539656,78.0,2.7332106385810782e-09,7.737721303484402e-10,1.509794137074788e-09,3.7396436243127697e-10,4.602872169296911e-11,387,1.67047308319739,0.2804858612406713,0.4248046875,5.293002769522453e-05,1.6475069124211072e-05,0.73505859375,5.24305248410664e-05,-9.94574733659154,-8.314427781070307
S6,R2,L,PLA,1024.0,240.0,19.52,87.0,97.31128589850712,81.0,2.816305407693808e-09,7.795824569525583e-10,1.5715905787497337e-09,3.858462785193636e-10,4.9966653593471926e-11,366,1.6075353218210362,0.2808796065068109,0.431640625,5.16480126947466e-05,1.698061003160329e-05,0.7142822265625,5.3139104199476705e-05,-5.473858162511867,-4.981719613716628
S6,R2,R,ANE,1024.0,240.0,20.3,85.0,93.3540325181974,37.0,4.051116585173659e-09,1.2121926257871934e-09,2.2483456459633717e-09,4.973671155439822e-10,4.815180920024026e-11,404,1.7414965986394557,0.247671288042273,0.4150390625,6.593836821131561e-05,1.9434703766624503e-05,0.7300537109375,6.370888040402256e-05,-4.278857986709329,-4.8822974997739195
S6,R2,R,PLA,1024.0,240.0,20.24,86.0,94.7537595287551,33.0,4.013497273435568e-09,1.1454073475995974e-09,2.2621217270677867e-09,5.083375204497084e-10,5.296863128969253e-11,374,1.644979919678715,0.25941821545147753,0.4287109375,6.583345581264986e-05,2.074062244887995e-05,0.7080973307291667,6.326549053197004e-05,-4.0003867655848975,-5.7119551413047605
S7,R1,L,ANE,1024.0,240.0,28.74,116.0,124.41078997078513,94.0,1.3699676509525461e-08,2.3347853382744838e-09,7.071027348965825e-09,3.524941355942683e-09,6.219334303695439e-10,339,1.4840579710144928,0.21717620922557523,0.4873046875,0.00012008201934669965,3.5411744427699473e-05,0.7247151692708333,0.0001182450116347572,2.4141556204071564,2.6197990677049505
S7,R1,L,PLA,1024.0,240.0,30.06,113.0,122.36928176177025,98.0,1.854181103808802e-08,3.195845980311437e-09,9.699008723522776e-09,4.648528239858724e-09,7.97581112923083e-10,350,1.5765973826020014,0.21041721627009055,0.4990234375,0.00012963511862777434,4.251874045263615e-05,0.7881551106770833,0.00013758103267367893,0.8425864069477154,1.6809735567964958
S7,R1,R,ANE,1024.0,240.0,36.81,113.0,120.68298557484077,64.0,3.9057718663558035e-08,7.20058309128228e-09,1.992813912510372e-08,1.003869979356329e-08,1.4331436998659446e-09,338,1.4524822695035462,0.20765117746796868,0.455078125,0.00026177633567954733,6.466281338387617e-05,0.6873697916666667,0.00019958697285000793,-4.267360500685631,-2.303369802613995
S7,R1,R,PLA,1024.0,240.0,36.64,112.0,121.26655981366743,72.0,3.7936442100883985e-08,7.0858566531189105e-09,1.916076930058333e-08,9.689283023813652e-09,1.5656301894688577e-09,349,1.5900621118012421,0.1949611953520051,0.45947265625,0.00024757980453867114,6.452284385050293e-05,0.7435506184895834,0.0001957259913137824,0.5890088252874368,0.5836442941719074
S8,R1,L,ANE,1024.0,240.0,27.41,98.0,105.2170841013328,50.0,4.201342108526875e-09,1.0301891085782046e-09,2.301707149247157e-09,7.448003090141551e-10,7.697720528415131e-11,309,1.3856562922868743,0.26069064533048664,0.55029296875,5.903785155640294e-05,2.248459471633182e-05,0.7289388020833333,6.457106935686044e-05,16.232446116521917,13.607589466017561
S8,R1,L,PLA,1024.0,240.0,27.51,99.0,105.77008136549817,50.0,4.3726081702773414e-09,1.046951341671131e-09,2.4062254244409012e-09,7.891791519677688e-10,8.129975126049409e-11,322,1.4463276836158192,0.24587217730658875,0.548828125,6.73631612921613e-05,2.241824150607906e-05,0.7753865559895833,6.537247245100772e-05,11.656130234520585,10.161788554522818
S8,R1,R,ANE,1024.0,240.0,2.29,50.0,50.60625267636254,50.0,2.8497880524229855e-07,2.551654495725609e-07,2.6256243217411015e-08,2.7983252664069425e-09,3.265964606277144e-10,376,1.779322328410078,0.31042092637125057,0.5185546875,0.00046090612923575705,0.00022830789692661351,0.8201741536458333,0.0005510558551356136,0.4442881755212547,-0.010874926465986106
S8,R1,R,PLA,1024.0,240.0,0.53,51.0,55.66369509345907,50.0,2.0120103176981637e-07,1.775656774214692e-07,2.1556641670310105e-08,1.6966715519468657e-09,2.0906294033221558e-10,374,1.6228209191759113,0.27785827756377607,0.5478515625,0.00038832118093766054,0.00021351831734142462,0.8452799479166667,0.00044983071849167704,0.791322386695264,0.2810683305185595
S9,R1,L,ANE,1024.0,240.0,12.31,97.0,109.77369836274575,74.0,2.2063781898218985e-09,5.186094270147033e-10,1.1830538799164271e-09,3.909696677698733e-10,8.985575649995477e-11,362,1.4819102749638204,0.243173667722654,0.4130859375,4.559480805282624e-05,1.4724380718821632e-05,0.6806396484375,4.67961756003535e-05,-0.5199184276220958,-1.482382905284755
S9,R1,L,PLA,1024.0,240.0,12.21,110.0,123.25050540824648,51.0,2.1333738728198927e-09,4.520190671641901e-10,9.992925762842388e-10,5.264554433687451e-10,1.3260354523330447e-10,352,1.4361851332398317,0.22747005319448746,0.4111328125,4.2155983258158743e-05,1.4910623233668122e-05,0.6464029947916666,4.62921012851081e-05,3.3099047150240803,2.8410028907613034
S9,R1,R,ANE,1024.0,240.0,16.81,108.0,121.66882743576681,68.0,9.556295522578639e-09,1.9240839488222915e-09,4.719140961062691e-09,2.236678245302169e-09,5.642231680876207e-10,348,1.4341736694677871,0.2245760471128749,0.4521484375,0.0001252689042521553,3.113169417613013e-05,0.7129679361979167,9.779056725191108e-05,-3.3657044407721246,-4.947461864223338
S9,R1,R,PLA,1024.0,240.0,16.91,110.0,122.05819593262048,52.0,9.640683376083499e-09,1.9898469944999764e-09,4.7164458476199264e-09,2.2502382619334495e-09,5.749391798257146e-10,344,1.4222222222222223,0.23504880687559113,0.4638671875,0.00011764749689800752,3.1012158419478606e-05,0.7301961263020833,9.895947755315647e-05,-6.294926338736331,-4.357010976711637
S10,R2,L,ANE,1024.0,240.0,31.38,79.0,93.22139954181718,36.0,4.847360692118471e-09,1.726635952730409e-09,2.3241500770352602e-09,6.404250079585323e-10,1.0416565095835058e-10,393,1.6995850622406639,0.1473707888387276,0.46533203125,8.685035814058884e-05,1.9917361005626955e-05,0.789794921875,6.972310828663882e-05,5.948630498224395,4.31696214769858
S10,R2,L,PLA,1024.0,240.0,29.31,74.0,87.35615465156513,35.0,3.0192326235887762e-09,1.1660604164292609e-09,1.4504900305103493e-09,3.193139988193923e-10,4.9815132936977365e-11,349,1.5875968992248062,0.19205974921304172,0.5078125,7.104528384985822e-05,1.6661017188617776e-05,0.7718302408854166,5.491674345251308e-05,9.031328012376486,7.209736791320726
S10,R2,R,ANE,1024.0,240.0,32.37,71.0,86.11207669947089,36.0,1.1348148212737646e-08,4.604208687221846e-09,5.231141294692446e-09,1.2113166211691087e-09,1.695259315100343e-10,394,1.6897689768976898,0.1443912500032203,0.44921875,0.00014264576862868398,3.0048809023068807e-05,0.7732828776041667,0.00010634327007442271,7.9453957315143615,7.45084293627525
S10,R2,R,PLA,1024.0,240.0,31.87,76.0,89.7132054974216,38.0,1.0129032170997163e-08,3.697167776386809e-09,4.927295144830422e-09,1.2143848309866173e-09,1.6614866684082528e-10,356,1.6062745098039215,0.20329894064050189,0.4609375,0.00013298777005920238,3.0002741079875128e-05,0.7252156575520833,0.00010033506709464442,2.5760697584473116,2.2364546975954336
S11,R2,L,ANE,1024.0,240.0,15.28,89.0,96.19744242117399,36.0,8.602901950287331e-09,2.3859259169319043e-09,4.866330720106233e-09,1.1863220817122217e-09,7.216151871939427e-11,390,1.67047308319739,0.15294020661670013,0.42578125,0.00014113740466566095,2.51937746019153e-05,0.7071492513020833,9.342097356883622e-05,-1.178017650574876,-1.6774235691097463
S11,R2,L,PLA,1024.0,240.0,15.25,85.0,93.72537489647561,37.0,8.544752900171458e-09,2.563203759216422e-09,4.693817698617312e-09,1.1175820065527503e-09,7.107803270727873e-11,353,1.4851341551849166,0.14707630788637324,0.45458984375,0.00015049019968605304,2.7891655296057215e-05,0.6825520833333333,9.3114893872877e-05,7.405752259062622,6.7698132891583125
S11,R2,R,ANE,1024.0,240.0,21.56,79.0,88.7434584970761,35.0,7.096768367443527e-09,2.4137133836329298e-09,3.773047127988993e-09,7.695368061194743e-10,6.35866727523408e-11,385,1.6556184316895715,0.15650699468986407,0.4365234375,0.00011081285104254553,2.678828512207941e-05,0.71973876953125,8.490442407776814e-05,-4.147744453429909,-2.7997261505104705
S11,R2,R,PLA,1024.0,240.0,21.16,76.0,86.97267338171693,38.0,6.507942743348018e-09,2.3655593208863754e-09,3.3276402244168674e-09,6.829907492245926e-10,6.036623946496527e-11,352,1.4776334776334776,0.14821021269100676,0.4580078125,0.00011108386602223147,2.680654712367708e-05,0.685498046875,8.114886640692646e-05,3.8151612109278856,2.3455350755108952
S12,R2,L,ANE,1024.0,240.0,16.24,87.0,97.54755025937283,62.0,1.1495164898285865e-09,3.228776098305806e-10,6.357516722816552e-10,1.5561464729695305e-10,2.0269096737145912e-11,358,1.5444947209653093,0.3173293414408072,0.447265625,2.92790291101017e-05,1.0229273665463029e-05,0.7174275716145834,3.395059965426205e-05,-4.6372842023838805,-3.8694090804806702
S12,R2,L,PLA,1024.0,240.0,37.82,32.0,44.2913957218102,21.0,1.396835291665692e-07,1.1796630556802987e-07,1.5993707049795492e-08,4.578885070717168e-09,6.243487150808234e-10,282,1.9844961240310077,0.28924131093350613,0.4833984375,0.00030364536813983975,0.0001063113907895619,0.7675048828125,0.0004071653159555388,11.658767272599412,13.68469449225426
S12,R2,R,ANE,1024.0,240.0,28.42,93.0,103.5456289555147,63.0,7.512673652457716e-09,1.936391285222601e-09,4.021426505801794e-09,1.2945572469155563e-09,1.6389775023961257e-10,354,1.5103244837758112,0.32951340762718095,0.4609375,8.792945409156077e-05,2.8196723242125693e-05,0.7126057942708334,8.688936509391865e-05,-4.906473049470835,-3.685179930618415
S12,R2,R,PLA,1024.0,240.0,26.26,95.0,107.54942333127548,55.0,4.540776452746406e-09,1.152300131090845e-09,2.3163874993804125e-09,8.857611953944371e-10,1.3118119184287469e-10,337,1.5753846153846154,0.37219071578130786,0.4892578125,5.963709907473323e-05,2.431375649056346e-05,0.70401611328125,6.776509862257003e-05,1.5374986814809612,1.934494986351649
S13,R1,L,ANE,1024.0,240.0,21.35,98.0,106.50268496149806,95.0,3.6695731361673874e-09,8.288166389300309e-10,2.0720820008293594e-09,6.552491834535662e-10,7.247475646825035e-11,363,1.5468277945619335,0.22468079191474577,0.46630859375,6.149360870798872e-05,1.9478603054845995e-05,0.7496744791666666,5.9777756945017754e-05,-4.886115115502266,-5.499834733455053
S13,R1,L,PLA,1024.0,240.0,22.39,96.0,105.39668511757512,88.0,4.493453514683134e-09,1.026457379822909e-09,2.5439926799441272e-09,7.88011460800652e-10,8.026101406866693e-11,389,1.7038269550748752,0.23467321666590366,0.4580078125,8.233430898169449e-05,2.047253896621991e-05,0.7891194661458333,6.739282019361614e-05,-2.4258640694771625,-3.4030399113764633
S13,R1,R,ANE,1024.0,240.0,22.27,94.0,104.55011131683743,44.0,4.72983593968433e-09,1.2190803134181335e-09,2.502914325588981e-09,8.586391065842363e-10,9.833271559198953e-11,361,1.5729646697388633,0.23052917103796472,0.462890625,8.093433530067056e-05,1.991308232133734e-05,0.7334309895833333,6.853086649881691e-05,-6.7212826553215415,-6.230095126318228
S13,R1,R,PLA,1024.0,240.0,22.8,94.0,105.0076391304762,44.0,5.262884844784239e-09,1.3548066505106607e-09,2.7716667294118782e-09,9.660113214189367e-10,1.0999688287114537e-10,391,1.713807531380753,0.23262535116527333,0.447265625,9.889518867891797e-05,2.1215364344338932e-05,0.75931396484375,7.280399448295786e-05,-7.219366407650925,-7.333536612807247
S14,R2,L,ANE,1024.0,240.0,17.25,92.0,104.06366238579838,51.0,1.2715110970479477e-09,3.36886048820957e-10,6.592536775578215e-10,2.3165461491888215e-10,2.919634839012728e-11,354,1.5491679273827534,0.22664088477498603,0.4609375,3.643384997317097e-05,1.2216024690513366e-05,0.6806396484375,3.555734976644858e-05,1.1677859428290143,1.3910345912607165
S14,R2,L,PLA,1024.0,240.0,18.63,109.0,118.07338395114806,101.0,1.7229688238521615e-09,3.157988460806527e-10,9.123405404523098e-10,4.199026244104082e-10,5.5083979545984565e-11,335,1.5294996265870053,0.22293245495547181,0.458984375,4.854231995751036e-05,1.4311296036534864e-05,0.6783040364583334,4.1665758148821814e-05,16.68285222038606,13.910775899643626
S14,R2,R,ANE,1024.0,240.0,20.94,105.0,114.0165947054858,52.0,1.947891728965781e-09,4.27301672402198e-10,9.916371976714277e-10,4.4779984082065804e-10,5.924932626336766e-11,337,1.4422535211267606,0.22136038058121799,0.4814453125,4.4028226527373566e-05,1.496016003716133e-05,0.6853678385416667,4.3911447089207094e-05,14.548117154811708,10.039711074222055
S14,R2,R,PLA,1024.0,240.0,19.82,91.0,104.19586926329247,69.0,1.4693012749161002e-09,3.88706713241291e-10,7.591255041426118e-10,2.70078323808498e-10,3.434978221065331e-11,343,1.5609756097560976,0.2241767467115691,0.47265625,3.1803392037880004e-05,1.3414936284385757e-05,0.7142903645833333,3.8597100671200254e-05,16.27885798670933,12.22009548630249
