subj,sel_side,cond,bout,amp_L,amp_R,mamp_L,mamp_R,asym
S3,L,ANE,1,32.86852780237611,38.21462928328855,44.42668625002723,46.78221869678459,-0.07520911704118048
S3,L,ANE,2,39.70082358207389,35.97278195096678,46.31019514494031,59.371744552705174,0.04926475492804847
S3,L,ANE,3,38.68800449860453,35.26261166544502,46.07609183549861,44.44995841286168,0.04632000395454021
S3,L,ANE,4,39.44863166120487,33.271751706938645,50.0851868981093,50.29806511896987,0.08494014563971669
S3,L,PLA,1,34.682000192932655,33.99998422119579,38.018506868039324,40.92769253000022,0.009930056295760737
S3,L,PLA,2,36.91574723118016,34.8796691312648,50.799509788815946,55.94473086064355,0.028359444141066035
S3,L,PLA,3,31.2389238594375,37.11114604769507,41.33834339862503,39.37564108153834,-0.08591391634618799
S3,L,PLA,4,35.08949824816021,36.67023271690917,36.314025040618155,47.570826693243625,-0.022028154892587217
S9,R,ANE,1,35.17205025900648,59.610950722772735,37.03773784263878,71.69657640117178,-0.2578405432474548
S9,R,ANE,2,33.4987796568249,59.39612799794959,56.017234037305606,131.7054551356091,-0.27878114091427675
S9,R,ANE,3,32.15284076627977,60.28420689431153,45.66938926451458,133.6452265144531,-0.30432999365496505
S9,R,ANE,4,34.59893829323512,61.657031465045385,43.37177259884511,139.38445511059288,-0.2811056107975296
S9,R,PLA,1,30.559796695838063,53.313774523648405,37.3959095426711,85.72860814380455,-0.271289006739272
S9,R,PLA,2,33.52933237624116,57.489778910187724,45.28351392835558,115.48184227167374,-0.26324632481353233
S9,R,PLA,3,34.6458573146092,62.66405777478238,53.44764739339678,114.50541516630831,-0.2879274988004521
S9,R,PLA,4,32.75890199972309,62.84212092832255,36.9979026800729,145.9753340319517,-0.31467465522038773
PS8,R,ANE,1,68.02589909119466,82.0417982341694,85.25570141620253,93.06375555083605,-0.09339717602640739
PS8,R,ANE,2,75.4247254277583,74.92779915140758,102.81978674483844,146.22408944912237,0.0033050743759814143
PS8,R,ANE,3,84.86342604882707,80.00166511714211,108.17351643725948,109.65916231452533,0.029489329107218982
PS8,R,ANE,4,64.53913343728748,68.88525634575468,89.13840622741544,97.99925263476231,-0.03257367648849128
PS8,R,PLA,1,78.65400087662806,82.15132547479334,95.48724239222507,112.09158485398537,-0.021748810673859514
PS8,R,PLA,2,72.39317567639071,72.92271894922335,98.00520542780644,93.3256998506679,-0.0036440836303346606
PS8,R,PLA,3,76.66233243885493,81.32245828394397,80.04345991461759,81.52273001920732,-0.029497306821551564
PS8,R,PLA,4,67.66523192678628,80.72092801715338,78.95810013287797,125.5362313559084,-0.08798459435367466
M2,L,ANE,1,28.553361494925266,35.592584868913185,22.5637030754806,38.80973936556465,-0.10973761824419966
M2,L,ANE,2,29.623229506567473,39.23306877307469,28.097856952106493,33.765403746341335,-0.13956369288803747
M2,L,ANE,3,31.383140229511856,33.53095472858494,35.22265643825018,33.73300839518889,-0.03308702833274502
M2,L,ANE,4,33.0368543644417,33.6316744812229,33.85523814329216,38.79005887148549,-0.008922052534835136
M2,L,PLA,1,18.36111375991377,18.273529971777982,25.866598933441747,25.601392838716055,0.0023907367238846415
M2,L,PLA,2,21.2641621872795,21.853279974590873,25.805542852875444,39.98641110296996,-0.013663096829809826
M2,L,PLA,3,26.935259073027517,22.817981562216165,22.07721260495807,32.88487344349148,0.08275395649092081
M2,L,PLA,4,28.53530304357565,23.48326240972664,31.49275659363368,42.87977828839419,0.09711995303646336
S14,R,ANE,1,28.249484224378676,32.07795779372461,47.41194064356251,41.72605636322489,-0.06346155980220419
S14,R,ANE,2,25.362704349108405,29.393523076226654,38.975564561643175,43.73483656014433,-0.0736138867969776
S14,R,ANE,3,24.660565057992834,27.90432899587385,30.506767088137973,44.87786075083426,-0.06170970181271284
S14,R,ANE,4,23.936290551926987,30.114835781771415,29.67650079622964,43.44056249853679,-0.1143092780657241
S14,R,PLA,1,27.20136732423814,29.473923329111326,48.87262832531539,34.38877469183157,-0.04009782708964083
S14,R,PLA,2,27.10102123568654,27.451101665273267,51.75203830376341,38.418024953084554,-0.0064173566668027805
S14,R,PLA,3,28.551474497106376,28.42157031918307,57.93690048018488,43.06008780238782,0.0022800989194483785
S14,R,PLA,4,29.500804216261,24.427961786219466,34.38463147754687,26.536760102604077,0.09406561295706473
S6,R,ANE,1,40.132289785700365,48.635937083949095,62.86482784235197,72.31621722913474,-0.09579607026211873
S6,R,ANE,2,35.69732755763034,48.50823722279031,54.45218346096122,58.59292528851369,-0.15213851600623182
S6,R,ANE,3,44.44607796929362,56.02493047252742,64.78061852025644,71.74017461776931,-0.11524570801873224
S6,R,ANE,4,33.100069967731564,44.32676146678866,34.318517467874265,48.432772357672796,-0.14499742907019708
S6,R,PLA,1,40.00225280368353,47.168202145737126,66.45514636190103,63.05787950215443,-0.08220617118737589
S6,R,PLA,2,39.76124669179091,47.78327085977931,50.799888327292905,64.61761975199448,-0.09163365556572678
S6,R,PLA,3,36.642532233807465,47.5606014886122,58.38644295718053,69.99464676231584,-0.129663455172543
S6,R,PLA,4,35.66247244945265,48.93596107768361,45.103190367652395,60.889940579189336,-0.1568999338973945
PS7,R,ANE,1,38.43212350836206,57.68465203249915,46.462465324601446,67.56404851317004,-0.20030352054363545
PS7,R,ANE,2,40.29493049079991,59.031271680348176,50.90630944905475,69.33641945970894,-0.18863442656615073
PS7,R,ANE,3,41.37039202547292,62.79786961897533,41.134828952629874,72.71123036512674,-0.20570063525336946
PS7,R,ANE,4,46.55970511139908,68.01798656423536,58.64858690741384,97.78409895345845,-0.18728149554263804
PS7,R,PLA,1,41.92015763561728,63.818855846637554,56.179999948701294,64.25519337711455,-0.2071014045794471
PS7,R,PLA,2,45.678530160090176,70.82496943910553,48.42670241172128,90.13220181802706,-0.21584278039308563
PS7,R,PLA,3,46.013222153764445,68.1409421196858,57.171290893468054,88.27727775762466,-0.19384067245164519
PS7,R,PLA,4,46.25310694526892,68.95271235269122,62.20121749132845,67.7784359215331,-0.19703523264491926
PS15,R,ANE,1,70.47171071491738,100.07864071893714,103.07762208813882,107.03480599015094,-0.17359641745154775
PS15,R,ANE,2,66.39106552766242,92.17370980098728,116.12370648693872,122.62780234188563,-0.1626000744483523
PS15,R,ANE,3,66.48159347626135,96.32973267110353,109.21640704936449,130.60238062894152,-0.1833296239343057
PS15,R,ANE,4,67.85807806685908,97.41051859431472,82.96388769760463,109.86511679975506,-0.1788146152656124
PS15,R,PLA,1,63.52235906076698,85.66581948963092,95.2617363847853,144.26272413701727,-0.14842637428798297
PS15,R,PLA,2,73.92480841630059,96.44436615241163,129.40012427146877,192.8597629358033,-0.13218094055523208
PS15,R,PLA,3,71.29811109523844,94.77960732337456,114.47667156167599,174.6730328198749,-0.14138860078116483
PS15,R,PLA,4,70.04406109726209,98.0968576694888,99.7575350277328,161.4692192189913,-0.16684098539476913
PS3,R,ANE,1,45.77233106173178,44.99153079036411,70.78213709992305,50.26094359849775,0.008602545720674716
PS3,R,ANE,2,47.196954229663966,58.48650560401482,82.02642654592141,119.14848935362379,-0.10682420306941011
PS3,R,ANE,3,50.199413141161024,64.22581524679451,73.72418598063518,94.82831593497586,-0.12258137740461605
PS3,R,ANE,4,50.78830152311634,65.74619773435283,70.15710398033998,135.621736115323,-0.1283559487237223
PS3,R,PLA,1,47.5752513436864,59.74469648071992,111.62243328520132,84.97585075974108,-0.11339406497797298
PS3,R,PLA,2,44.18786636151746,61.924284362872186,85.35456786252486,131.45086750551422,-0.16714785140320304
PS3,R,PLA,3,43.006179631860235,70.05844720611763,80.30875009442282,178.01164974448386,-0.23926375853186324
PS3,R,PLA,4,47.153173123284354,69.45683055110337,83.1597508609749,145.17551628742984,-0.19126710166391675
S11,R,ANE,1,66.31495877738182,61.37239665171919,130.4756596976155,114.11056791286234,0.038708313043627623
S11,R,ANE,2,54.09094781729948,58.23459116171622,134.51949312219438,112.04349661140492,-0.03688959235878497
S11,R,ANE,3,60.00823108987415,60.37360948791396,163.16026073095122,114.22518652460084,-0.003035162083301977
S11,R,ANE,4,59.0567570829987,60.760955915203105,134.8376434143038,105.20515080469353,-0.014223262901287115
S11,R,PLA,1,65.93154868619135,64.19790570678063,157.65114786537805,105.69036136098177,0.013322448691557218
S11,R,PLA,2,54.40424541141204,53.975899439923104,136.39177393688755,95.34992296877944,0.003952255019371814
S11,R,PLA,3,56.6097277247007,55.45431398448074,120.92411393387862,109.3803547716293,0.01031029867027616
S11,R,PLA,4,59.21784359722104,57.986953406497776,178.25390948516306,142.1444694482972,0.01050204618062006
M5,L,ANE,1,27.59920196984163,44.186413903960414,54.23984263188053,82.89968976969521,-0.23106595565438354
M5,L,ANE,2,22.41402994598598,40.685794390780956,56.83943708406928,94.42618139924016,-0.2895691808471187
M5,L,ANE,3,22.054367604185963,33.12941118576394,48.626899381320186,117.78510248316775,-0.20069382388135354
M5,L,ANE,4,22.337011594779327,29.86344881985429,58.504658875100226,85.63084399827025,-0.14418334944350214
M5,L,PLA,1,19.66521961336256,23.521670889910737,32.57530755324763,55.247275689753884,-0.08929680353476233
M5,L,PLA,2,28.77117156146123,34.42228679637195,83.09399486838664,96.39826265399006,-0.08942563647824384
M5,L,PLA,3,21.544162959335818,32.30460046665329,38.30489558711538,65.96888013176577,-0.19982701222297608
M5,L,PLA,4,26.485085886801986,33.72772883494242,29.9698444627396,72.39184871325773,-0.12028407875649111
S13,R,ANE,1,42.701643003796256,56.56195244565258,90.42758104547664,116.84605353704342,-0.13963134600453506
S13,R,ANE,2,37.64479519865043,42.75460469084862,60.6878232000464,80.86518584705293,-0.06355531881109878
S13,R,ANE,3,37.37533287638232,38.37137266101374,58.34729037731837,73.745890057206,-0.013149611954273801
S13,R,ANE,4,38.383251081581875,40.23808609161164,53.81239108656918,74.20933800949473,-0.02359200538581226
S13,R,PLA,1,41.061765406049645,47.147517121812356,58.53228125699745,65.69113693986073,-0.06899219153993666
S13,R,PLA,2,45.00610644568669,45.7887989095173,86.94939671924314,97.68586961011232,-0.008620444734961525
S13,R,PLA,3,41.195043040091086,48.290426241057006,93.05974452448744,98.06470497427061,-0.07929089781798379
S13,R,PLA,4,46.25825574656337,51.153319142429275,93.81284082313526,128.909596662713,-0.05025135258765833
PS10,R,ANE,1,29.019853261532294,30.504741537803366,45.52926572209373,40.595430616975214,-0.024945793940753025
PS10,R,ANE,2,19.69965462291746,26.93569790838386,26.404895285417933,25.048517316309155,-0.15516218689693542
PS10,R,ANE,3,17.96283149571052,24.482889066243125,33.62429153101247,28.72588186320902,-0.15360930346360344
PS10,R,ANE,4,20.399408883985974,27.250292101283996,41.405267294721696,24.790301440733334,-0.14377599597982163
PS10,R,PLA,1,27.187283482119255,31.34832902540787,30.460814401575057,30.12262644291647,-0.07108570945172006
PS10,R,PLA,2,17.662168310852213,28.444257727878927,30.611681146048305,26.297378700029718,-0.23385220550317903
PS10,R,PLA,3,16.553514900052917,28.20575159648519,29.904888831727693,31.092688690073427,-0.26033127011438517
PS10,R,PLA,4,20.00352893903627,27.155074969424167,40.22926963922345,36.16294814884787,-0.15164880716718443
PS9,L,ANE,1,30.808888567735092,30.00971485444654,71.60610518228361,48.001655901999065,0.013140283865792735
PS9,L,ANE,2,37.48018860549834,34.783865344891375,96.96402323548845,71.7794851181251,0.03731209520099707
PS9,L,ANE,3,35.310320079221285,28.048205601058935,80.3270580647651,53.825935386448805,0.11461937284980896
PS9,L,ANE,4,34.543585083947406,30.12771919737752,66.43901407382889,61.11117372809329,0.06828168900630915
PS9,L,PLA,1,32.965918240068106,34.69019916046037,60.257389936795754,58.22462183880769,-0.025485957318306985
PS9,L,PLA,2,33.2673235519668,33.34666455181803,58.77833457489692,53.25635730261976,-0.0011910561446586618
PS9,L,PLA,3,34.05492586409119,27.92203294591234,67.11033348590003,57.24974428691069,0.09895440234458323
PS9,L,PLA,4,38.78643060353232,27.40112520275683,90.43540282770064,50.89597637146564,0.172015800584881
M6,R,ANE,1,40.723012328951754,116.50798387066848,50.345323226857495,257.7486886096415,-0.48199765550998463
M6,R,ANE,2,39.154036089029894,112.73205216494858,61.25296514125723,240.71202012213124,-0.48442893566976125
M6,R,ANE,3,38.7588617436606,121.53980907601681,75.80287365866023,229.3662257424995,-0.5164169291551852
M6,R,ANE,4,40.2166592454628,126.87138951658885,50.98584626594423,254.34322926784455,-0.5186171656988444
M6,R,PLA,1,36.719948966412005,95.34457314556927,47.4672613570996,121.89316121613938,-0.4439089563315675
M6,R,PLA,2,37.973901337453654,113.61106387251475,59.31076636803083,205.05122842383017,-0.49897535966242784
M6,R,PLA,3,30.944482031062012,89.89413197107646,34.15590926599112,158.8124700706986,-0.48783785238525446
M6,R,PLA,4,36.50336431485581,119.56626875081278,58.979092813387744,259.51181908518396,-0.5322169521665147
PS4,L,ANE,1,64.86649536417748,80.92475981179363,118.31463525058544,133.96785496547488,-0.11014559431725586
PS4,L,ANE,2,64.51894839795331,81.90759727573655,108.74995184018276,120.35611441132892,-0.11875339131835805
PS4,L,ANE,3,50.29781665922459,64.1369460844659,63.9113484921641,77.17621118256534,-0.12093466262728136
PS4,L,ANE,4,65.14458507850547,72.75942382528217,133.42349117266232,102.67727109609666,-0.05521840015607766
PS4,L,PLA,1,67.71203771892168,79.74407078772039,99.61546157514866,128.9378044246479,-0.08159738644029559
PS4,L,PLA,2,55.9900152227962,68.01196400979802,90.92185430992676,124.10801564049004,-0.09694965242814224
PS4,L,PLA,3,63.62771921803444,73.98442239215379,109.8741978477169,148.49926856290776,-0.07526009734996017
PS4,L,PLA,4,54.30596058903455,72.330708957059,104.40928651636119,146.32612024749707,-0.14233435254283608
S8,L,ANE,1,42.93833599280765,448.48723015687136,65.16713065903578,387.73503466260445,-0.8252498895031852
S8,L,ANE,2,42.37482455897702,544.2967412843412,59.63641768229149,511.4159495558093,-0.855541577175075
S8,L,ANE,3,40.98568237917896,466.0161973991469,51.38998668805693,396.32977863465715,-0.8383213790169797
S8,L,ANE,4,45.92525544505148,538.1071162189576,66.62901626745338,496.244365454319,-0.8427304455258091
S8,L,PLA,1,44.36150477915772,487.0221482878476,75.49377376068632,437.2859370042271,-0.8330339876918859
S8,L,PLA,2,42.79422705474754,450.6333195099783,67.8203047817258,365.02266601718424,-0.8265430158786874
S8,L,PLA,3,48.89053015582073,427.1499042825446,64.94827261754051,366.9267415784647,-0.7945950527773868
S8,L,PLA,4,41.83800743657849,414.5370919424038,63.29149608989037,340.50466919646436,-0.8166507879439063
S4,R,ANE,1,44.05581487027884,84.79255042673046,71.92131188654146,164.66970102311586,-0.31616028237959215
S4,R,ANE,2,49.54601895283996,89.66607541733099,105.95017170705025,207.66250806406703,-0.28819375677094394
S4,R,ANE,3,44.79324846506362,80.94853281106715,85.43206644201102,139.14293870926727,-0.287535964411111
S4,R,ANE,4,44.73198387488037,90.81193616545252,51.13756882720518,164.62467194114834,-0.33996325528183124
S4,R,PLA,1,62.932011620371966,106.41613166303291,89.07091780387762,177.84019323342,-0.25677352700519324
S4,R,PLA,2,56.289953241770625,89.54185339175693,131.98363289903156,192.78170172792215,-0.22801541664739466
S4,R,PLA,3,55.200540741855335,87.77255983036598,92.72497273547293,184.094681241287,-0.22781921185277096
S4,R,PLA,4,39.31819026206511,92.27552802830851,83.23790238000109,184.02576079233398,-0.40243059056502817
PS13,R,ANE,1,46.172121620249385,82.82105161529087,54.198165466375656,82.80807042759825,-0.28411526808570414
PS13,R,ANE,2,45.02929699168153,78.4120326503596,52.31936879127753,123.70603988988329,-0.2704340252610861
PS13,R,ANE,3,42.99706044401064,85.78667247406729,62.23537131214855,182.07646395407562,-0.3322594481499903
PS13,R,ANE,4,44.34438507626897,83.34518543270045,37.39264474642835,107.59839009620235,-0.3054345018232449
PS13,R,PLA,1,53.2844001869291,89.9551753593368,68.09263109168316,102.69741662501147,-0.256010079843911
PS13,R,PLA,2,38.007512403826354,76.2653344351012,39.722407907883756,90.59101394579605,-0.33479363724262984
PS13,R,PLA,3,39.56436023565726,69.84968914118721,50.677477828540574,95.17702403730242,-0.276795613342312
PS13,R,PLA,4,46.87319320501944,86.67046967878527,44.539366796695596,129.77494547734423,-0.2980094720660226
PS6,R,ANE,1,79.25730691804823,72.10263240302176,120.79428542551105,169.99848392009537,0.04726927446667165
PS6,R,ANE,2,70.84800112645217,83.59033140445142,146.33776932120557,251.47326673569685,-0.08250756188039897
PS6,R,ANE,3,77.86958750027632,77.25187888568244,132.81825217951442,199.67412215972786,0.003982096282257616
PS6,R,ANE,4,69.50744214966011,77.51975426223731,166.26326196625632,204.2541865014972,-0.054495442395096884
PS6,R,PLA,1,76.59283080279107,54.972814428078586,137.54008446882074,63.39909590058265,0.16432873746618126
PS6,R,PLA,2,89.56543518474085,76.08886003644832,206.33415287550244,158.4170898405104,0.0813536113283263
PS6,R,PLA,3,85.42525399945353,75.0779642462995,165.8564164347127,138.59889045096637,0.06446780236712019
PS6,R,PLA,4,69.64508710349702,65.48523545512607,135.30631672955738,199.6829572470358,0.030783998510521292
PS11,R,ANE,1,25.504646493874265,53.2834095309843,21.57013186540143,85.50273268234947,-0.35257581464308696
PS11,R,ANE,2,26.43150994070051,57.53767915162595,30.42057275151555,91.785550223575,-0.37044741704868644
PS11,R,ANE,3,33.41900919193502,56.67329249612016,44.10840237752121,54.870370824687576,-0.258116208249434
PS11,R,ANE,4,33.8241339741586,55.892140445256885,43.47287150738427,84.30410747190199,-0.24597551128719528
PS11,R,PLA,1,37.14550805393952,53.78959714464539,42.548310854023754,62.90957011254371,-0.18303260390316997
PS11,R,PLA,2,28.35906682642779,55.03774050537436,28.870480419755012,55.25413294188963,-0.31990041984224415
PS11,R,PLA,3,29.72819352946707,52.840754795354876,30.73578436231497,71.41377808315768,-0.2799183195959323
PS11,R,PLA,4,27.825318401124335,49.90921070064997,35.09445924806906,67.66532980230409,-0.28409372970680646
PS14,R,ANE,1,44.906236870351144,75.61992480271317,54.40396755458374,124.7218485025666,-0.25483005105293915
PS14,R,ANE,2,42.65852102031712,81.49487620576394,90.67310549033927,109.82035011226566,-0.3128094442291114
PS14,R,ANE,3,32.17512910084662,79.66109302560224,46.32955178506009,91.62571983860278,-0.42460271834884294
PS14,R,ANE,4,37.56314991379672,71.68247065244654,48.027016491219754,108.14717253458892,-0.3123175149887183
PS14,R,PLA,1,39.208795142656406,81.29485572990885,44.26447267336137,84.06398224375403,-0.34925133207589576
PS14,R,PLA,2,30.053057176185412,67.75106298407738,31.993363310180825,89.85877173759252,-0.38544394393732356
PS14,R,PLA,3,38.610206475743546,80.19506948631324,51.48643344375202,138.89921565345858,-0.350025389645578
PS14,R,PLA,4,33.22368188053519,88.88207875463092,45.397216747436055,125.0775698071842,-0.4558212207562779
M1,R,ANE,1,37.23537855112183,46.05380562293888,61.7612337190257,109.68829984140558,-0.10587721754349133
M1,R,ANE,2,39.237705992810206,45.8492263132613,75.34164244578105,80.1899282985107,-0.07770312245678694
M1,R,ANE,3,40.74627262115084,48.91918679637978,65.84006774577448,83.34521743855088,-0.09114896893765267
M1,R,ANE,4,42.267440372627135,49.54146629864222,75.47180444810817,86.09103592070394,-0.07923006808108889
M1,R,PLA,1,33.48780144287353,42.893662471885314,40.68350916969939,72.19768304091511,-0.12314324113385061
M1,R,PLA,2,33.33572637761742,42.559835852499006,44.11256509114239,83.92606343844913,-0.12153687519849757
M1,R,PLA,3,36.028276005783624,42.732017999841695,53.05552007067922,94.19936179931439,-0.08511575634264623
M1,R,PLA,4,37.234490673119275,47.068661849555255,68.97796381226905,99.95388963001527,-0.1166524724421287
PS5,R,ANE,1,52.60123556509,84.86147695085852,83.9558441521106,143.87804340762636,-0.23468357924353797
PS5,R,ANE,2,35.872905686853045,66.84446862620788,50.15576560965751,83.13856500506057,-0.3015221441015396
PS5,R,ANE,3,29.910083973751938,68.95116075489092,46.96684000121952,56.647280962069196,-0.3949078012147191
PS5,R,ANE,4,28.804605575325176,65.50710429663455,39.077213244593274,88.77372565860463,-0.38916162978210606
PS5,R,PLA,1,49.47913603841024,80.94289728827844,79.22536343466612,91.74882657725264,-0.24124575002642162
PS5,R,PLA,2,50.39462219471182,82.71364008546745,58.53144304577902,107.31743854168106,-0.24280249277634738
PS5,R,PLA,3,54.52020319335392,81.73582258954994,112.29400274273334,92.58822791921465,-0.1997388316576791
PS5,R,PLA,4,39.15088598164021,78.21463393657281,66.0404705891436,97.10107026992445,-0.332838366686861
S1,R,ANE,1,58.835884560902,66.00321686538753,138.02282233698796,205.6923967667511,-0.057412559227025324
S1,R,ANE,2,68.23418332486358,79.407785897973,147.48637089385582,199.432487710291,-0.07568039516084336
S1,R,ANE,3,68.26250634425881,88.72143178090403,141.4889784380734,204.36569432857698,-0.1303249598715841
S1,R,ANE,4,67.90748614693773,101.58998572420822,187.7962606826475,254.1281657703438,-0.1987197756133858
S1,R,PLA,1,52.646934761925756,69.4993310944927,99.08084779436092,170.95005658017575,-0.13796898508855449
S1,R,PLA,2,51.34198011511711,81.71191547219816,91.49065299795612,167.77817730322653,-0.22825288371320823
S1,R,PLA,3,66.44566660590979,90.5890687618038,127.33109251095487,228.841923843273,-0.15374561621261373
S1,R,PLA,4,60.62873843938224,92.28142605233985,161.88477325284822,225.8631166569909,-0.20700185444291344
S5,R,ANE,1,36.68072613566867,101.43815805351262,50.46937908262766,187.19512243314776,-0.46885284585086345
S5,R,ANE,2,36.399390521364154,103.97610085040368,64.37506259399787,202.85799288498444,-0.48139963514051143
S5,R,ANE,3,31.570511167744062,89.37541374844274,27.700878439579196,155.16739732912305,-0.47794005974782444
S5,R,ANE,4,37.26933146369676,102.43140947777027,58.02678363792586,255.6287361502879,-0.46644046105220877
S5,R,PLA,1,32.785184432089835,91.84080386057362,36.59887116833407,140.14179782098918,-0.4738627972987543
S5,R,PLA,2,34.3819827123257,94.1481650543085,49.032015963958756,209.12747784106844,-0.46499738295249476
S5,R,PLA,3,39.51058518842806,107.05152779908961,53.21356312072327,197.64096348693607,-0.46083494044885515
S5,R,PLA,4,29.201439958004546,85.70045355550101,38.16546158738192,135.44368207563824,-0.49171525263728655
M4,R,ANE,1,24.868994524001003,73.87618167385904,27.227977128192734,144.18825571289238,-0.496299556462988
M4,R,ANE,2,23.501828559420716,76.43119991738477,22.722648305381938,165.40760594649106,-0.5296484271989061
M4,R,ANE,3,20.050147685369453,73.59776473576207,19.441504742041126,133.9087016909221,-0.5717972314170786
M4,R,ANE,4,20.73331400743147,71.12343188773224,22.262608416156944,122.42403561676107,-0.5485728608088355
M4,R,PLA,1,22.68076967809205,70.15695944785946,25.81409039466584,94.93052910289832,-0.5113889602508124
M4,R,PLA,2,21.199191334678293,68.64409832715762,20.22184602686855,109.61058884926213,-0.5280851488303494
M4,R,PLA,3,19.038292243332275,75.10364285244495,14.459327461092766,117.2505876698372,-0.5955406647640379
M4,R,PLA,4,20.394679979266648,61.601910907552885,19.508030203634938,70.10888141641713,-0.5025480996540986
S10,R,ANE,1,44.14100736156148,67.4857778201006,85.11144846743508,140.39836915878647,-0.20913233701523784
S10,R,ANE,2,45.31576735057148,71.49515597736456,72.46891433502822,175.97985112862096,-0.224117641406674
S10,R,ANE,3,48.42555576370137,69.39654986560623,97.49371790845215,156.70562851511065,-0.17798862097986703
S10,R,ANE,4,48.47585209733861,65.9929063134589,104.49731314145244,112.20869115457309,-0.15302912741707356
S10,R,PLA,1,28.69075082589079,63.33766832960243,55.26706065189564,90.2753348214187,-0.37648063306586926
S10,R,PLA,2,26.791449644330903,58.02734038541501,48.79425394341849,125.03451934483114,-0.3682661675570864
S10,R,PLA,3,33.12034984170757,67.06355468964689,63.0605158369955,142.59353951295017,-0.33880896344298306
S10,R,PLA,4,53.654040583234696,67.5190385344742,122.19149565936075,157.94743331828593,-0.1144230884631625
PS1,R,ANE,1,97.04071879644098,95.5314789913973,289.96058908815155,276.56768084784505,0.007837267385328653
PS1,R,ANE,2,93.65976196949148,95.839132219982,246.51747373412172,209.46690166916395,-0.011500701678561943
PS1,R,ANE,3,108.13279734948622,110.09609286767096,256.2442424850248,289.66964242019026,-0.008996496826020944
PS1,R,ANE,4,112.04267896586228,111.8394922459031,253.98328522275563,228.53317371197147,0.0009075609677154076
PS1,R,PLA,1,102.01795247094525,94.33826436655573,207.15993818637995,187.65907516345138,0.03911100054827891
PS1,R,PLA,2,98.57560230300142,99.36300498928514,302.58407567866516,268.6840545699683,-0.003978014683719597
PS1,R,PLA,3,88.84456317625407,98.67479598999441,278.30075137591297,309.7932181149924,-0.052422495775623495
PS1,R,PLA,4,98.33472472293128,101.74630327884603,242.60442963840003,247.73748481986908,-0.017050984743463143
PS2,R,ANE,1,61.80411950717123,89.08686202645183,102.04877994680429,236.07103387514425,-0.1808109553134625
PS2,R,ANE,2,65.39267308461768,85.53562546558913,111.72058626767938,152.3788825555729,-0.13346040851491275
PS2,R,ANE,3,84.78601141493014,106.31515185871073,119.65176133318597,217.82533798010704,-0.11265834323024267
PS2,R,ANE,4,75.03167371942082,88.81604900828296,126.70174374050127,173.53009072127693,-0.08412918446092846
PS2,R,PLA,1,69.4440357559253,70.09505778760091,131.68093429123152,109.83661479387459,-0.004665517133179112
PS2,R,PLA,2,87.65060394422866,91.80296952689055,126.950112975055,197.4896860048236,-0.023138940631517342
PS2,R,PLA,3,88.58301158249616,89.15792415537207,137.29600216728565,206.04600863135175,-0.0032345535398991755
PS2,R,PLA,4,70.38762035518,83.07364476265262,123.91327529012429,160.77173557482183,-0.08266597045014444
S7,R,ANE,1,64.95975651387955,113.2808243383977,97.73388813413433,300.96413277749565,-0.27110026007245536
S7,R,ANE,2,69.09369587124785,117.36141264967769,105.33554774203868,214.71404576911513,-0.25887044426574446
S7,R,ANE,3,79.68090526391146,133.20685599555625,164.4806035008165,238.59274287583568,-0.2514280314423857
S7,R,ANE,4,87.76751578656086,137.6186886211247,120.7174686641955,287.03148156249705,-0.2211811187183013
S7,R,PLA,1,77.63505110989804,105.7899589001096,118.66057996921917,197.17865902388004,-0.1534954681952874
S7,R,PLA,2,83.79014738950603,121.03796222024091,122.55139432905402,239.83892767564402,-0.18184913634023123
S7,R,PLA,3,97.2070678262116,141.11718127302356,166.33639510403478,302.57426498597255,-0.18424526086948112
S7,R,PLA,4,92.21579915129131,138.28316209746893,117.69181452578981,251.35742554414725,-0.199859308244172
